municipio_ocurrencia,ano,semana,casos,fecha
PALMIRA,2007,1,8,2007-01-01
CARTAGO,2007,1,1,2007-01-01
CALI,2007,1,7,2007-01-01
PALMIRA,2007,2,3,2007-01-08
CALI,2007,3,3,2007-01-15
CALI,2007,4,4,2007-01-22
PALMIRA,2007,6,1,2007-02-05
CALI,2007,7,1,2007-02-12
PALMIRA,2007,8,1,2007-02-19
CALI,2007,8,2,2007-02-19
CARTAGO,2007,9,1,2007-02-26
PALMIRA,2007,9,4,2007-02-26
PALMIRA,2007,10,3,2007-03-05
CALI,2007,10,2,2007-03-05
CALI,2007,11,2,2007-03-12
PALMIRA,2007,11,1,2007-03-12
PALMIRA,2007,12,5,2007-03-19
CALI,2007,12,1,2007-03-19
CALI,2007,13,4,2007-03-26
PALMIRA,2007,14,15,2007-04-02
CALI,2007,14,3,2007-04-02
CALI,2007,15,1,2007-04-09
CALI,2007,16,4,2007-04-16
BUGA,2007,16,1,2007-04-16
BUGA,2007,17,2,2007-04-23
CALI,2007,17,2,2007-04-23
BUGA,2007,18,4,2007-04-30
CALI,2007,18,4,2007-04-30
PALMIRA,2007,19,2,2007-05-07
CALI,2007,19,5,2007-05-07
PALMIRA,2007,20,27,2007-05-14
BUGA,2007,20,7,2007-05-14
CALI,2007,20,4,2007-05-14
BUGA,2007,21,2,2007-05-21
CALI,2007,21,4,2007-05-21
PALMIRA,2007,22,17,2007-05-28
CALI,2007,22,4,2007-05-28
CALI,2007,23,5,2007-06-04
PALMIRA,2007,23,17,2007-06-04
CALI,2007,24,14,2007-06-11
PALMIRA,2007,25,10,2007-06-18
CALI,2007,25,2,2007-06-18
CARTAGO,2007,26,1,2007-06-25
CALI,2007,26,1,2007-06-25
PALMIRA,2007,27,8,2007-07-02
CALI,2007,27,1,2007-07-02
TULUA,2007,28,1,2007-07-09
CALI,2007,28,1,2007-07-09
TULUA,2007,29,4,2007-07-16
CALI,2007,29,1,2007-07-16
CALI,2007,31,1,2007-07-30
CALI,2007,32,2,2007-08-06
CARTAGO,2007,33,1,2007-08-13
CALI,2007,33,1,2007-08-13
PALMIRA,2007,34,7,2007-08-20
PALMIRA,2007,36,8,2007-09-03
CALI,2007,37,1,2007-09-10
CALI,2007,38,1,2007-09-17
TULUA,2007,38,2,2007-09-17
CALI,2007,39,1,2007-09-24
TULUA,2007,39,2,2007-09-24
TULUA,2007,40,3,2007-10-01
TULUA,2007,42,2,2007-10-15
TULUA,2007,43,1,2007-10-22
TULUA,2007,44,3,2007-10-29
TULUA,2007,45,2,2007-11-05
PALMIRA,2007,45,1,2007-11-05
PALMIRA,2007,46,2,2007-11-12
PALMIRA,2007,47,6,2007-11-19
CALI,2007,48,1,2007-11-26
CALI,2007,49,6,2007-12-03
CALI,2007,50,15,2007-12-10
CALI,2007,51,9,2007-12-17
BUGA,2007,52,1,2007-12-24
PALMIRA,2007,52,1,2007-12-24
CALI,2007,52,17,2007-12-24
CALI,2008,1,25,2007-12-31
BUGA,2008,1,1,2007-12-31
CARTAGO,2008,1,1,2007-12-31
TULUA,2008,1,1,2007-12-31
PALMIRA,2008,1,2,2007-12-31
CALI,2008,2,18,2008-01-07
PALMIRA,2008,2,2,2008-01-07
CARTAGO,2008,2,5,2008-01-07
TULUA,2008,2,2,2008-01-07
BUGA,2008,2,2,2008-01-07
BUGA,2008,3,3,2008-01-14
CALI,2008,3,29,2008-01-14
TULUA,2008,3,2,2008-01-14
PALMIRA,2008,3,6,2008-01-14
CARTAGO,2008,3,6,2008-01-14
CARTAGO,2008,4,1,2008-01-21
PALMIRA,2008,4,3,2008-01-21
BUGA,2008,4,1,2008-01-21
CALI,2008,4,18,2008-01-21
TULUA,2008,4,1,2008-01-21
CALI,2008,5,22,2008-01-28
PALMIRA,2008,5,8,2008-01-28
CARTAGO,2008,5,1,2008-01-28
PALMIRA,2008,6,8,2008-02-04
TULUA,2008,6,1,2008-02-04
CARTAGO,2008,6,1,2008-02-04
CALI,2008,6,26,2008-02-04
TULUA,2008,7,2,2008-02-11
BUGA,2008,7,1,2008-02-11
CALI,2008,7,31,2008-02-11
PALMIRA,2008,7,6,2008-02-11
CARTAGO,2008,7,2,2008-02-11
CARTAGO,2008,8,1,2008-02-18
TULUA,2008,8,2,2008-02-18
BUGA,2008,8,1,2008-02-18
CALI,2008,8,29,2008-02-18
PALMIRA,2008,8,9,2008-02-18
TULUA,2008,9,1,2008-02-25
CARTAGO,2008,9,1,2008-02-25
CALI,2008,9,18,2008-02-25
PALMIRA,2008,9,6,2008-02-25
BUGA,2008,9,2,2008-02-25
CALI,2008,10,20,2008-03-03
PALMIRA,2008,10,4,2008-03-03
TULUA,2008,10,2,2008-03-03
PALMIRA,2008,11,5,2008-03-10
BUGA,2008,11,1,2008-03-10
CALI,2008,11,18,2008-03-10
TULUA,2008,11,2,2008-03-10
PALMIRA,2008,12,5,2008-03-17
CALI,2008,12,17,2008-03-17
TULUA,2008,12,3,2008-03-17
PALMIRA,2008,13,6,2008-03-24
CALI,2008,13,18,2008-03-24
TULUA,2008,13,1,2008-03-24
CARTAGO,2008,13,1,2008-03-24
PALMIRA,2008,14,5,2008-03-31
CALI,2008,14,21,2008-03-31
PALMIRA,2008,15,7,2008-04-07
CALI,2008,15,22,2008-04-07
BUGA,2008,15,1,2008-04-07
CARTAGO,2008,15,3,2008-04-07
TULUA,2008,15,3,2008-04-07
TULUA,2008,16,1,2008-04-14
PALMIRA,2008,16,4,2008-04-14
CALI,2008,16,21,2008-04-14
CARTAGO,2008,16,2,2008-04-14
BUGA,2008,16,2,2008-04-14
CARTAGO,2008,17,2,2008-04-21
BUGA,2008,17,2,2008-04-21
CALI,2008,17,18,2008-04-21
PALMIRA,2008,17,6,2008-04-21
PALMIRA,2008,18,3,2008-04-28
TULUA,2008,18,1,2008-04-28
CALI,2008,18,16,2008-04-28
TULUA,2008,19,1,2008-05-05
CALI,2008,19,23,2008-05-05
BUGA,2008,19,1,2008-05-05
CARTAGO,2008,19,1,2008-05-05
PALMIRA,2008,19,8,2008-05-05
TULUA,2008,20,3,2008-05-12
BUGA,2008,20,1,2008-05-12
CARTAGO,2008,20,1,2008-05-12
CALI,2008,20,14,2008-05-12
PALMIRA,2008,20,7,2008-05-12
CALI,2008,21,24,2008-05-19
BUGA,2008,21,1,2008-05-19
PALMIRA,2008,21,3,2008-05-19
CALI,2008,22,19,2008-05-26
CARTAGO,2008,22,1,2008-05-26
PALMIRA,2008,22,7,2008-05-26
CARTAGO,2008,23,1,2008-06-02
BUGA,2008,23,2,2008-06-02
TULUA,2008,23,3,2008-06-02
PALMIRA,2008,23,8,2008-06-02
CALI,2008,23,22,2008-06-02
PALMIRA,2008,24,2,2008-06-09
BUGA,2008,24,3,2008-06-09
CALI,2008,24,12,2008-06-09
PALMIRA,2008,25,2,2008-06-16
CALI,2008,25,16,2008-06-16
CARTAGO,2008,25,1,2008-06-16
BUGA,2008,25,2,2008-06-16
TULUA,2008,25,1,2008-06-16
PALMIRA,2008,26,7,2008-06-23
CALI,2008,26,23,2008-06-23
TULUA,2008,26,2,2008-06-23
BUGA,2008,27,1,2008-06-30
PALMIRA,2008,27,7,2008-06-30
TULUA,2008,27,2,2008-06-30
CALI,2008,27,22,2008-06-30
PALMIRA,2008,28,8,2008-07-07
TULUA,2008,28,2,2008-07-07
CALI,2008,28,21,2008-07-07
CALI,2008,29,35,2008-07-14
PALMIRA,2008,29,5,2008-07-14
CARTAGO,2008,29,1,2008-07-14
TULUA,2008,30,3,2008-07-21
CALI,2008,30,15,2008-07-21
CARTAGO,2008,30,1,2008-07-21
BUGA,2008,30,1,2008-07-21
PALMIRA,2008,30,8,2008-07-21
PALMIRA,2008,31,11,2008-07-28
BUGA,2008,31,2,2008-07-28
CALI,2008,31,22,2008-07-28
TULUA,2008,31,1,2008-07-28
PALMIRA,2008,32,4,2008-08-04
CALI,2008,32,14,2008-08-04
BUGA,2008,32,2,2008-08-04
CALI,2008,33,12,2008-08-11
PALMIRA,2008,33,8,2008-08-11
CARTAGO,2008,33,1,2008-08-11
CALI,2008,34,9,2008-08-18
BUGA,2008,34,1,2008-08-18
PALMIRA,2008,34,9,2008-08-18
CALI,2008,35,8,2008-08-25
PALMIRA,2008,35,8,2008-08-25
TULUA,2008,35,1,2008-08-25
BUGA,2008,35,2,2008-08-25
CALI,2008,36,21,2008-09-01
PALMIRA,2008,36,5,2008-09-01
TULUA,2008,36,4,2008-09-01
BUGA,2008,36,1,2008-09-01
BUGA,2008,37,1,2008-09-08
PALMIRA,2008,37,3,2008-09-08
TULUA,2008,37,2,2008-09-08
CARTAGO,2008,37,1,2008-09-08
CALI,2008,37,13,2008-09-08
PALMIRA,2008,38,3,2008-09-15
TULUA,2008,38,3,2008-09-15
CALI,2008,38,21,2008-09-15
PALMIRA,2008,39,4,2008-09-22
TULUA,2008,39,3,2008-09-22
CALI,2008,39,22,2008-09-22
BUGA,2008,39,3,2008-09-22
CALI,2008,40,16,2008-09-29
PALMIRA,2008,40,5,2008-09-29
CARTAGO,2008,40,2,2008-09-29
BUGA,2008,40,1,2008-09-29
PALMIRA,2008,41,6,2008-10-06
CALI,2008,41,17,2008-10-06
CARTAGO,2008,41,1,2008-10-06
TULUA,2008,42,1,2008-10-13
BUGA,2008,42,1,2008-10-13
PALMIRA,2008,42,4,2008-10-13
CALI,2008,42,19,2008-10-13
PALMIRA,2008,43,8,2008-10-20
BUGA,2008,43,3,2008-10-20
CALI,2008,43,18,2008-10-20
CARTAGO,2008,44,1,2008-10-27
PALMIRA,2008,44,10,2008-10-27
CALI,2008,44,23,2008-10-27
TULUA,2008,44,3,2008-10-27
BUGA,2008,45,4,2008-11-03
TULUA,2008,45,3,2008-11-03
CALI,2008,45,27,2008-11-03
PALMIRA,2008,45,1,2008-11-03
CARTAGO,2008,45,1,2008-11-03
CALI,2008,46,19,2008-11-10
BUGA,2008,46,1,2008-11-10
PALMIRA,2008,46,8,2008-11-10
TULUA,2008,46,2,2008-11-10
CALI,2008,47,15,2008-11-17
PALMIRA,2008,47,5,2008-11-17
CARTAGO,2008,47,2,2008-11-17
CALI,2008,48,14,2008-11-24
PALMIRA,2008,48,9,2008-11-24
BUGA,2008,48,3,2008-11-24
TULUA,2008,48,1,2008-11-24
TULUA,2008,49,5,2008-12-01
CARTAGO,2008,49,1,2008-12-01
CALI,2008,49,25,2008-12-01
PALMIRA,2008,49,5,2008-12-01
BUGA,2008,49,1,2008-12-01
TULUA,2008,50,1,2008-12-08
CALI,2008,50,17,2008-12-08
CARTAGO,2008,50,1,2008-12-08
PALMIRA,2008,50,1,2008-12-08
BUGA,2008,50,1,2008-12-08
CALI,2008,51,20,2008-12-15
TULUA,2008,51,2,2008-12-15
CARTAGO,2008,51,1,2008-12-15
PALMIRA,2008,51,1,2008-12-15
PALMIRA,2008,52,3,2008-12-22
CALI,2008,52,12,2008-12-22
TULUA,2009,1,1,2008-12-29
CALI,2009,1,22,2008-12-29
BUGA,2009,1,4,2008-12-29
PALMIRA,2009,1,12,2008-12-29
PALMIRA,2009,2,8,2009-01-05
TULUA,2009,2,2,2009-01-05
CALI,2009,2,29,2009-01-05
BUGA,2009,2,1,2009-01-05
TULUA,2009,3,2,2009-01-12
CALI,2009,3,22,2009-01-12
PALMIRA,2009,3,9,2009-01-12
CARTAGO,2009,3,2,2009-01-12
BUGA,2009,3,3,2009-01-12
BUGA,2009,4,2,2009-01-19
TULUA,2009,4,2,2009-01-19
CALI,2009,4,27,2009-01-19
PALMIRA,2009,4,9,2009-01-19
BUGA,2009,5,2,2009-01-26
CALI,2009,5,29,2009-01-26
PALMIRA,2009,5,8,2009-01-26
CARTAGO,2009,5,5,2009-01-26
CARTAGO,2009,6,1,2009-02-02
CALI,2009,6,22,2009-02-02
PALMIRA,2009,6,6,2009-02-02
TULUA,2009,6,4,2009-02-02
BUGA,2009,7,5,2009-02-09
PALMIRA,2009,7,1,2009-02-09
TULUA,2009,7,3,2009-02-09
CALI,2009,7,17,2009-02-09
CARTAGO,2009,8,1,2009-02-16
BUGA,2009,8,2,2009-02-16
PALMIRA,2009,8,12,2009-02-16
TULUA,2009,8,7,2009-02-16
CALI,2009,8,19,2009-02-16
CARTAGO,2009,9,1,2009-02-23
TULUA,2009,9,3,2009-02-23
PALMIRA,2009,9,8,2009-02-23
BUGA,2009,9,3,2009-02-23
CALI,2009,9,31,2009-02-23
BUGA,2009,10,6,2009-03-02
CALI,2009,10,26,2009-03-02
PALMIRA,2009,10,7,2009-03-02
TULUA,2009,10,1,2009-03-02
PALMIRA,2009,11,8,2009-03-09
BUGA,2009,11,1,2009-03-09
TULUA,2009,11,5,2009-03-09
CARTAGO,2009,11,3,2009-03-09
CALI,2009,11,34,2009-03-09
TULUA,2009,12,3,2009-03-16
CARTAGO,2009,12,1,2009-03-16
PALMIRA,2009,12,15,2009-03-16
BUGA,2009,12,2,2009-03-16
CALI,2009,12,27,2009-03-16
PALMIRA,2009,13,21,2009-03-23
CALI,2009,13,40,2009-03-23
CARTAGO,2009,13,1,2009-03-23
TULUA,2009,13,4,2009-03-23
BUGA,2009,13,3,2009-03-23
TULUA,2009,14,7,2009-03-30
PALMIRA,2009,14,17,2009-03-30
CALI,2009,14,35,2009-03-30
PALMIRA,2009,15,13,2009-04-06
CALI,2009,15,38,2009-04-06
CARTAGO,2009,15,1,2009-04-06
BUGA,2009,15,2,2009-04-06
TULUA,2009,15,2,2009-04-06
BUGA,2009,16,2,2009-04-13
PALMIRA,2009,16,14,2009-04-13
CARTAGO,2009,16,1,2009-04-13
CALI,2009,16,41,2009-04-13
TULUA,2009,16,1,2009-04-13
CALI,2009,17,44,2009-04-20
PALMIRA,2009,17,22,2009-04-20
CARTAGO,2009,17,1,2009-04-20
TULUA,2009,17,2,2009-04-20
TULUA,2009,18,4,2009-04-27
BUGA,2009,18,2,2009-04-27
CALI,2009,18,35,2009-04-27
PALMIRA,2009,18,13,2009-04-27
BUGA,2009,19,3,2009-05-04
CALI,2009,19,65,2009-05-04
PALMIRA,2009,19,6,2009-05-04
TULUA,2009,20,3,2009-05-11
CARTAGO,2009,20,2,2009-05-11
CALI,2009,20,69,2009-05-11
PALMIRA,2009,20,21,2009-05-11
BUGA,2009,21,5,2009-05-18
TULUA,2009,21,2,2009-05-18
PALMIRA,2009,21,25,2009-05-18
CARTAGO,2009,21,1,2009-05-18
CALI,2009,21,78,2009-05-18
CALI,2009,22,94,2009-05-25
BUGA,2009,22,4,2009-05-25
PALMIRA,2009,22,44,2009-05-25
CARTAGO,2009,22,3,2009-05-25
TULUA,2009,22,4,2009-05-25
BUGA,2009,23,2,2009-06-01
CALI,2009,23,98,2009-06-01
TULUA,2009,23,5,2009-06-01
PALMIRA,2009,23,30,2009-06-01
CALI,2009,24,92,2009-06-08
TULUA,2009,24,1,2009-06-08
BUGA,2009,24,1,2009-06-08
CARTAGO,2009,24,2,2009-06-08
PALMIRA,2009,24,50,2009-06-08
CARTAGO,2009,25,2,2009-06-15
BUGA,2009,25,1,2009-06-15
PALMIRA,2009,25,70,2009-06-15
CALI,2009,25,81,2009-06-15
CARTAGO,2009,26,4,2009-06-22
BUGA,2009,26,1,2009-06-22
CALI,2009,26,105,2009-06-22
TULUA,2009,26,6,2009-06-22
PALMIRA,2009,26,55,2009-06-22
CALI,2009,27,117,2009-06-29
TULUA,2009,27,6,2009-06-29
CARTAGO,2009,27,2,2009-06-29
PALMIRA,2009,27,49,2009-06-29
BUGA,2009,27,1,2009-06-29
CALI,2009,28,127,2009-07-06
CARTAGO,2009,28,2,2009-07-06
PALMIRA,2009,28,69,2009-07-06
BUGA,2009,28,2,2009-07-06
TULUA,2009,28,7,2009-07-06
CARTAGO,2009,29,4,2009-07-13
PALMIRA,2009,29,62,2009-07-13
TULUA,2009,29,4,2009-07-13
CALI,2009,29,129,2009-07-13
BUGA,2009,29,1,2009-07-13
TULUA,2009,30,1,2009-07-20
CARTAGO,2009,30,3,2009-07-20
CALI,2009,30,170,2009-07-20
PALMIRA,2009,30,101,2009-07-20
BUGA,2009,30,2,2009-07-20
CARTAGO,2009,31,1,2009-07-27
CALI,2009,31,183,2009-07-27
PALMIRA,2009,31,93,2009-07-27
TULUA,2009,31,7,2009-07-27
BUGA,2009,31,4,2009-07-27
CARTAGO,2009,32,6,2009-08-03
CALI,2009,32,148,2009-08-03
PALMIRA,2009,32,83,2009-08-03
BUGA,2009,32,2,2009-08-03
TULUA,2009,32,15,2009-08-03
CALI,2009,33,210,2009-08-10
BUGA,2009,33,5,2009-08-10
TULUA,2009,33,5,2009-08-10
CARTAGO,2009,33,3,2009-08-10
PALMIRA,2009,33,60,2009-08-10
TULUA,2009,34,7,2009-08-17
PALMIRA,2009,34,79,2009-08-17
CALI,2009,34,179,2009-08-17
BUGA,2009,34,7,2009-08-17
CARTAGO,2009,34,3,2009-08-17
CALI,2009,35,166,2009-08-24
CARTAGO,2009,35,5,2009-08-24
PALMIRA,2009,35,90,2009-08-24
BUGA,2009,35,7,2009-08-24
TULUA,2009,35,9,2009-08-24
BUGA,2009,36,8,2009-08-31
CARTAGO,2009,36,10,2009-08-31
PALMIRA,2009,36,79,2009-08-31
TULUA,2009,36,12,2009-08-31
CALI,2009,36,229,2009-08-31
BUGA,2009,37,8,2009-09-07
PALMIRA,2009,37,68,2009-09-07
CALI,2009,37,193,2009-09-07
TULUA,2009,37,8,2009-09-07
CARTAGO,2009,37,6,2009-09-07
CARTAGO,2009,38,2,2009-09-14
CALI,2009,38,226,2009-09-14
PALMIRA,2009,38,60,2009-09-14
TULUA,2009,38,6,2009-09-14
BUGA,2009,38,5,2009-09-14
TULUA,2009,39,3,2009-09-21
PALMIRA,2009,39,56,2009-09-21
CALI,2009,39,213,2009-09-21
CARTAGO,2009,39,9,2009-09-21
BUGA,2009,39,6,2009-09-21
TULUA,2009,40,2,2009-09-28
CALI,2009,40,191,2009-09-28
PALMIRA,2009,40,38,2009-09-28
BUGA,2009,40,5,2009-09-28
CARTAGO,2009,40,5,2009-09-28
BUGA,2009,41,4,2009-10-05
PALMIRA,2009,41,43,2009-10-05
CARTAGO,2009,41,3,2009-10-05
TULUA,2009,41,14,2009-10-05
CALI,2009,41,213,2009-10-05
PALMIRA,2009,42,47,2009-10-12
TULUA,2009,42,7,2009-10-12
CALI,2009,42,187,2009-10-12
CARTAGO,2009,42,4,2009-10-12
BUGA,2009,42,1,2009-10-12
BUGA,2009,43,2,2009-10-19
PALMIRA,2009,43,38,2009-10-19
TULUA,2009,43,13,2009-10-19
CARTAGO,2009,43,7,2009-10-19
CALI,2009,43,136,2009-10-19
PALMIRA,2009,44,32,2009-10-26
CALI,2009,44,165,2009-10-26
BUGA,2009,44,8,2009-10-26
TULUA,2009,44,16,2009-10-26
CARTAGO,2009,44,3,2009-10-26
CARTAGO,2009,45,2,2009-11-02
BUGA,2009,45,9,2009-11-02
TULUA,2009,45,10,2009-11-02
PALMIRA,2009,45,38,2009-11-02
CALI,2009,45,142,2009-11-02
CARTAGO,2009,46,4,2009-11-09
CALI,2009,46,176,2009-11-09
BUGA,2009,46,8,2009-11-09
TULUA,2009,46,11,2009-11-09
PALMIRA,2009,46,28,2009-11-09
BUGA,2009,47,10,2009-11-16
TULUA,2009,47,9,2009-11-16
PALMIRA,2009,47,38,2009-11-16
CARTAGO,2009,47,5,2009-11-16
CALI,2009,47,169,2009-11-16
PALMIRA,2009,48,28,2009-11-23
CARTAGO,2009,48,2,2009-11-23
TULUA,2009,48,10,2009-11-23
CALI,2009,48,170,2009-11-23
BUGA,2009,48,11,2009-11-23
TULUA,2009,49,10,2009-11-30
PALMIRA,2009,49,35,2009-11-30
CARTAGO,2009,49,4,2009-11-30
CALI,2009,49,200,2009-11-30
BUGA,2009,49,7,2009-11-30
PALMIRA,2009,50,32,2009-12-07
CARTAGO,2009,50,4,2009-12-07
CALI,2009,50,171,2009-12-07
BUGA,2009,50,12,2009-12-07
TULUA,2009,50,12,2009-12-07
TULUA,2009,51,14,2009-12-14
CALI,2009,51,129,2009-12-14
BUGA,2009,51,12,2009-12-14
CARTAGO,2009,51,4,2009-12-14
PALMIRA,2009,51,25,2009-12-14
BUGA,2009,52,6,2009-12-21
PALMIRA,2009,52,25,2009-12-21
CARTAGO,2009,52,5,2009-12-21
TULUA,2009,52,7,2009-12-21
CALI,2009,52,121,2009-12-21
BUGA,2010,1,13,2010-01-04
CALI,2010,1,233,2010-01-04
PALMIRA,2010,1,22,2010-01-04
TULUA,2010,1,10,2010-01-04
CARTAGO,2010,1,7,2010-01-04
PALMIRA,2010,2,28,2010-01-11
CARTAGO,2010,2,5,2010-01-11
TULUA,2010,2,8,2010-01-11
CALI,2010,2,270,2010-01-11
BUGA,2010,2,27,2010-01-11
CALI,2010,3,303,2010-01-18
BUGA,2010,3,9,2010-01-18
PALMIRA,2010,3,43,2010-01-18
TULUA,2010,3,9,2010-01-18
CARTAGO,2010,3,9,2010-01-18
PALMIRA,2010,4,45,2010-01-25
TULUA,2010,4,20,2010-01-25
CALI,2010,4,350,2010-01-25
CARTAGO,2010,4,11,2010-01-25
BUGA,2010,4,20,2010-01-25
BUGA,2010,5,14,2010-02-01
CARTAGO,2010,5,15,2010-02-01
TULUA,2010,5,9,2010-02-01
PALMIRA,2010,5,54,2010-02-01
CALI,2010,5,434,2010-02-01
CARTAGO,2010,6,19,2010-02-08
TULUA,2010,6,13,2010-02-08
CALI,2010,6,549,2010-02-08
PALMIRA,2010,6,71,2010-02-08
BUGA,2010,6,25,2010-02-08
CALI,2010,7,557,2010-02-15
PALMIRA,2010,7,62,2010-02-15
BUGA,2010,7,41,2010-02-15
CARTAGO,2010,7,20,2010-02-15
TULUA,2010,7,24,2010-02-15
PALMIRA,2010,8,41,2010-02-22
CARTAGO,2010,8,19,2010-02-22
CALI,2010,8,494,2010-02-22
TULUA,2010,8,12,2010-02-22
BUGA,2010,8,22,2010-02-22
CARTAGO,2010,9,38,2010-03-01
TULUA,2010,9,9,2010-03-01
BUGA,2010,9,43,2010-03-01
PALMIRA,2010,9,40,2010-03-01
CALI,2010,9,510,2010-03-01
CALI,2010,10,461,2010-03-08
CARTAGO,2010,10,32,2010-03-08
BUGA,2010,10,41,2010-03-08
TULUA,2010,10,15,2010-03-08
PALMIRA,2010,10,37,2010-03-08
CALI,2010,11,864,2010-03-15
PALMIRA,2010,11,37,2010-03-15
TULUA,2010,11,14,2010-03-15
CARTAGO,2010,11,45,2010-03-15
BUGA,2010,11,72,2010-03-15
BUGA,2010,12,33,2010-03-22
TULUA,2010,12,25,2010-03-22
CALI,2010,12,351,2010-03-22
CARTAGO,2010,12,47,2010-03-22
PALMIRA,2010,12,26,2010-03-22
BUGA,2010,13,41,2010-03-29
TULUA,2010,13,25,2010-03-29
CALI,2010,13,299,2010-03-29
PALMIRA,2010,13,33,2010-03-29
CARTAGO,2010,13,47,2010-03-29
PALMIRA,2010,14,30,2010-04-05
CARTAGO,2010,14,61,2010-04-05
TULUA,2010,14,9,2010-04-05
BUGA,2010,14,29,2010-04-05
CALI,2010,14,353,2010-04-05
TULUA,2010,15,9,2010-04-12
CARTAGO,2010,15,44,2010-04-12
PALMIRA,2010,15,21,2010-04-12
CALI,2010,15,297,2010-04-12
BUGA,2010,15,37,2010-04-12
CALI,2010,16,283,2010-04-19
CARTAGO,2010,16,43,2010-04-19
TULUA,2010,16,12,2010-04-19
BUGA,2010,16,20,2010-04-19
PALMIRA,2010,16,37,2010-04-19
CARTAGO,2010,17,28,2010-04-26
CALI,2010,17,208,2010-04-26
TULUA,2010,17,18,2010-04-26
BUGA,2010,17,12,2010-04-26
PALMIRA,2010,17,22,2010-04-26
CALI,2010,18,235,2010-05-03
CARTAGO,2010,18,45,2010-05-03
TULUA,2010,18,14,2010-05-03
BUGA,2010,18,28,2010-05-03
PALMIRA,2010,18,27,2010-05-03
CALI,2010,19,210,2010-05-10
PALMIRA,2010,19,14,2010-05-10
CARTAGO,2010,19,31,2010-05-10
BUGA,2010,19,20,2010-05-10
TULUA,2010,19,9,2010-05-10
CALI,2010,20,217,2010-05-17
PALMIRA,2010,20,18,2010-05-17
TULUA,2010,20,10,2010-05-17
CARTAGO,2010,20,33,2010-05-17
BUGA,2010,20,28,2010-05-17
CARTAGO,2010,21,8,2010-05-24
PALMIRA,2010,21,24,2010-05-24
CALI,2010,21,203,2010-05-24
BUGA,2010,21,23,2010-05-24
TULUA,2010,21,14,2010-05-24
CARTAGO,2010,22,12,2010-05-31
PALMIRA,2010,22,19,2010-05-31
BUGA,2010,22,22,2010-05-31
TULUA,2010,22,10,2010-05-31
CALI,2010,22,234,2010-05-31
CARTAGO,2010,23,23,2010-06-07
TULUA,2010,23,19,2010-06-07
PALMIRA,2010,23,20,2010-06-07
BUGA,2010,23,19,2010-06-07
CALI,2010,23,205,2010-06-07
TULUA,2010,24,22,2010-06-14
PALMIRA,2010,24,22,2010-06-14
CARTAGO,2010,24,20,2010-06-14
CALI,2010,24,206,2010-06-14
BUGA,2010,24,17,2010-06-14
PALMIRA,2010,25,19,2010-06-21
TULUA,2010,25,15,2010-06-21
CALI,2010,25,204,2010-06-21
CARTAGO,2010,25,15,2010-06-21
BUGA,2010,25,12,2010-06-21
BUGA,2010,26,21,2010-06-28
TULUA,2010,26,2,2010-06-28
CALI,2010,26,154,2010-06-28
CARTAGO,2010,26,10,2010-06-28
PALMIRA,2010,26,17,2010-06-28
TULUA,2010,27,3,2010-07-05
CARTAGO,2010,27,8,2010-07-05
CALI,2010,27,183,2010-07-05
PALMIRA,2010,27,17,2010-07-05
BUGA,2010,27,15,2010-07-05
PALMIRA,2010,28,6,2010-07-12
TULUA,2010,28,7,2010-07-12
BUGA,2010,28,14,2010-07-12
CARTAGO,2010,28,5,2010-07-12
CALI,2010,28,161,2010-07-12
CALI,2010,29,177,2010-07-19
TULUA,2010,29,10,2010-07-19
BUGA,2010,29,28,2010-07-19
CARTAGO,2010,29,10,2010-07-19
PALMIRA,2010,29,20,2010-07-19
TULUA,2010,30,2,2010-07-26
CALI,2010,30,158,2010-07-26
BUGA,2010,30,12,2010-07-26
CARTAGO,2010,30,8,2010-07-26
PALMIRA,2010,30,20,2010-07-26
PALMIRA,2010,31,17,2010-08-02
TULUA,2010,31,9,2010-08-02
CARTAGO,2010,31,15,2010-08-02
CALI,2010,31,173,2010-08-02
BUGA,2010,31,17,2010-08-02
PALMIRA,2010,32,11,2010-08-09
CALI,2010,32,127,2010-08-09
BUGA,2010,32,12,2010-08-09
CARTAGO,2010,32,10,2010-08-09
TULUA,2010,32,9,2010-08-09
BUGA,2010,33,12,2010-08-16
PALMIRA,2010,33,11,2010-08-16
CALI,2010,33,133,2010-08-16
CARTAGO,2010,33,18,2010-08-16
TULUA,2010,33,5,2010-08-16
BUGA,2010,34,8,2010-08-23
CARTAGO,2010,34,9,2010-08-23
PALMIRA,2010,34,9,2010-08-23
TULUA,2010,34,5,2010-08-23
CALI,2010,34,132,2010-08-23
PALMIRA,2010,35,10,2010-08-30
CARTAGO,2010,35,5,2010-08-30
CALI,2010,35,119,2010-08-30
BUGA,2010,35,4,2010-08-30
TULUA,2010,35,11,2010-08-30
BUGA,2010,36,6,2010-09-06
TULUA,2010,36,17,2010-09-06
PALMIRA,2010,36,1,2010-09-06
CALI,2010,36,125,2010-09-06
CARTAGO,2010,36,6,2010-09-06
TULUA,2010,37,13,2010-09-13
CALI,2010,37,99,2010-09-13
CARTAGO,2010,37,8,2010-09-13
BUGA,2010,37,6,2010-09-13
PALMIRA,2010,37,21,2010-09-13
CARTAGO,2010,38,2,2010-09-20
TULUA,2010,38,9,2010-09-20
BUGA,2010,38,6,2010-09-20
PALMIRA,2010,38,14,2010-09-20
CALI,2010,38,104,2010-09-20
CARTAGO,2010,39,7,2010-09-27
CALI,2010,39,113,2010-09-27
PALMIRA,2010,39,15,2010-09-27
BUGA,2010,39,4,2010-09-27
TULUA,2010,39,4,2010-09-27
CALI,2010,40,116,2010-10-04
TULUA,2010,40,4,2010-10-04
CARTAGO,2010,40,6,2010-10-04
PALMIRA,2010,40,20,2010-10-04
BUGA,2010,40,6,2010-10-04
BUGA,2010,41,4,2010-10-11
CALI,2010,41,78,2010-10-11
CARTAGO,2010,41,3,2010-10-11
PALMIRA,2010,41,6,2010-10-11
TULUA,2010,41,3,2010-10-11
PALMIRA,2010,42,10,2010-10-18
TULUA,2010,42,2,2010-10-18
CALI,2010,42,71,2010-10-18
BUGA,2010,42,6,2010-10-18
CARTAGO,2010,42,3,2010-10-18
PALMIRA,2010,43,17,2010-10-25
BUGA,2010,43,3,2010-10-25
CARTAGO,2010,43,4,2010-10-25
TULUA,2010,43,1,2010-10-25
CALI,2010,43,76,2010-10-25
CALI,2010,44,104,2010-11-01
PALMIRA,2010,44,20,2010-11-01
CARTAGO,2010,44,2,2010-11-01
TULUA,2010,44,2,2010-11-01
BUGA,2010,44,6,2010-11-01
TULUA,2010,45,1,2010-11-08
CARTAGO,2010,45,1,2010-11-08
PALMIRA,2010,45,12,2010-11-08
CALI,2010,45,68,2010-11-08
BUGA,2010,45,11,2010-11-08
CALI,2010,46,73,2010-11-15
PALMIRA,2010,46,16,2010-11-15
TULUA,2010,46,5,2010-11-15
BUGA,2010,46,9,2010-11-15
CARTAGO,2010,46,2,2010-11-15
BUGA,2010,47,4,2010-11-22
PALMIRA,2010,47,15,2010-11-22
CALI,2010,47,68,2010-11-22
CARTAGO,2010,47,2,2010-11-22
TULUA,2010,47,2,2010-11-22
PALMIRA,2010,48,14,2010-11-29
BUGA,2010,48,5,2010-11-29
CARTAGO,2010,48,1,2010-11-29
TULUA,2010,48,9,2010-11-29
CALI,2010,48,72,2010-11-29
CALI,2010,49,58,2010-12-06
BUGA,2010,49,5,2010-12-06
PALMIRA,2010,49,9,2010-12-06
CARTAGO,2010,49,1,2010-12-06
TULUA,2010,49,7,2010-12-06
CALI,2010,50,52,2010-12-13
BUGA,2010,50,5,2010-12-13
CARTAGO,2010,50,2,2010-12-13
PALMIRA,2010,50,14,2010-12-13
TULUA,2010,50,7,2010-12-13
BUGA,2010,51,5,2010-12-20
CARTAGO,2010,51,3,2010-12-20
PALMIRA,2010,51,10,2010-12-20
CALI,2010,51,55,2010-12-20
TULUA,2010,51,5,2010-12-20
TULUA,2010,52,2,2010-12-27
CARTAGO,2010,52,1,2010-12-27
BUGA,2010,52,4,2010-12-27
CALI,2010,52,55,2010-12-27
PALMIRA,2010,52,9,2010-12-27
CARTAGO,2011,1,1,2011-01-03
TULUA,2011,1,2,2011-01-03
PALMIRA,2011,1,13,2011-01-03
CALI,2011,1,61,2011-01-03
BUGA,2011,1,4,2011-01-03
PALMIRA,2011,2,9,2011-01-10
CARTAGO,2011,2,6,2011-01-10
BUGA,2011,2,6,2011-01-10
CALI,2011,2,56,2011-01-10
TULUA,2011,2,2,2011-01-10
CARTAGO,2011,3,7,2011-01-17
PALMIRA,2011,3,6,2011-01-17
BUGA,2011,3,2,2011-01-17
TULUA,2011,3,5,2011-01-17
CALI,2011,3,42,2011-01-17
PALMIRA,2011,4,11,2011-01-24
CARTAGO,2011,4,2,2011-01-24
BUGA,2011,4,3,2011-01-24
CALI,2011,4,41,2011-01-24
TULUA,2011,4,3,2011-01-24
PALMIRA,2011,5,9,2011-01-31
CARTAGO,2011,5,5,2011-01-31
CALI,2011,5,35,2011-01-31
BUGA,2011,5,4,2011-01-31
TULUA,2011,5,3,2011-01-31
PALMIRA,2011,6,6,2011-02-07
BUGA,2011,6,4,2011-02-07
TULUA,2011,6,3,2011-02-07
CALI,2011,6,30,2011-02-07
CARTAGO,2011,6,2,2011-02-07
TULUA,2011,7,5,2011-02-14
PALMIRA,2011,7,4,2011-02-14
CARTAGO,2011,7,3,2011-02-14
CALI,2011,7,50,2011-02-14
BUGA,2011,7,2,2011-02-14
PALMIRA,2011,8,6,2011-02-21
CALI,2011,8,39,2011-02-21
BUGA,2011,8,3,2011-02-21
TULUA,2011,8,2,2011-02-21
CARTAGO,2011,8,4,2011-02-21
TULUA,2011,9,2,2011-02-28
CARTAGO,2011,9,1,2011-02-28
PALMIRA,2011,9,7,2011-02-28
BUGA,2011,9,3,2011-02-28
CALI,2011,9,39,2011-02-28
CARTAGO,2011,10,2,2011-03-07
TULUA,2011,10,2,2011-03-07
BUGA,2011,10,4,2011-03-07
CALI,2011,10,36,2011-03-07
PALMIRA,2011,10,4,2011-03-07
BUGA,2011,11,2,2011-03-14
TULUA,2011,11,2,2011-03-14
CALI,2011,11,22,2011-03-14
CARTAGO,2011,11,1,2011-03-14
PALMIRA,2011,11,2,2011-03-14
CARTAGO,2011,12,4,2011-03-21
CALI,2011,12,25,2011-03-21
BUGA,2011,13,1,2011-03-28
PALMIRA,2011,13,3,2011-03-28
CARTAGO,2011,13,2,2011-03-28
TULUA,2011,13,1,2011-03-28
CALI,2011,13,15,2011-03-28
CALI,2011,14,17,2011-04-04
TULUA,2011,14,2,2011-04-04
CARTAGO,2011,14,2,2011-04-04
BUGA,2011,14,2,2011-04-04
PALMIRA,2011,14,1,2011-04-04
PALMIRA,2011,15,3,2011-04-11
CARTAGO,2011,15,3,2011-04-11
CALI,2011,15,17,2011-04-11
TULUA,2011,15,4,2011-04-11
CARTAGO,2011,16,5,2011-04-18
TULUA,2011,16,4,2011-04-18
BUGA,2011,16,1,2011-04-18
CALI,2011,16,18,2011-04-18
TULUA,2011,17,4,2011-04-25
PALMIRA,2011,17,5,2011-04-25
CALI,2011,17,17,2011-04-25
CARTAGO,2011,17,3,2011-04-25
BUGA,2011,17,2,2011-04-25
PALMIRA,2011,18,2,2011-05-02
TULUA,2011,18,2,2011-05-02
BUGA,2011,18,1,2011-05-02
CALI,2011,18,27,2011-05-02
TULUA,2011,19,1,2011-05-09
PALMIRA,2011,19,6,2011-05-09
CALI,2011,19,19,2011-05-09
CARTAGO,2011,19,2,2011-05-09
CALI,2011,20,26,2011-05-16
CARTAGO,2011,20,1,2011-05-16
BUGA,2011,20,5,2011-05-16
TULUA,2011,20,2,2011-05-16
PALMIRA,2011,20,7,2011-05-16
CALI,2011,21,23,2011-05-23
TULUA,2011,21,1,2011-05-23
CARTAGO,2011,21,2,2011-05-23
PALMIRA,2011,21,3,2011-05-23
CARTAGO,2011,22,1,2011-05-30
CALI,2011,22,24,2011-05-30
TULUA,2011,22,4,2011-05-30
PALMIRA,2011,22,4,2011-05-30
BUGA,2011,22,2,2011-05-30
CARTAGO,2011,23,2,2011-06-06
CALI,2011,23,22,2011-06-06
PALMIRA,2011,23,7,2011-06-06
TULUA,2011,23,6,2011-06-06
PALMIRA,2011,24,3,2011-06-13
TULUA,2011,24,2,2011-06-13
CALI,2011,24,25,2011-06-13
BUGA,2011,24,2,2011-06-13
CARTAGO,2011,24,1,2011-06-13
CALI,2011,25,27,2011-06-20
PALMIRA,2011,25,2,2011-06-20
TULUA,2011,25,4,2011-06-20
BUGA,2011,25,3,2011-06-20
CARTAGO,2011,25,1,2011-06-20
CALI,2011,26,27,2011-06-27
PALMIRA,2011,26,3,2011-06-27
CARTAGO,2011,26,1,2011-06-27
BUGA,2011,26,3,2011-06-27
TULUA,2011,26,3,2011-06-27
PALMIRA,2011,27,3,2011-07-04
CARTAGO,2011,27,3,2011-07-04
CALI,2011,27,38,2011-07-04
TULUA,2011,27,6,2011-07-04
CALI,2011,28,15,2011-07-11
BUGA,2011,28,2,2011-07-11
PALMIRA,2011,28,9,2011-07-11
CARTAGO,2011,28,3,2011-07-11
TULUA,2011,28,5,2011-07-11
CALI,2011,29,40,2011-07-18
CARTAGO,2011,29,1,2011-07-18
TULUA,2011,29,4,2011-07-18
PALMIRA,2011,29,3,2011-07-18
BUGA,2011,29,2,2011-07-18
CARTAGO,2011,30,1,2011-07-25
PALMIRA,2011,30,9,2011-07-25
CALI,2011,30,26,2011-07-25
TULUA,2011,30,3,2011-07-25
CARTAGO,2011,31,1,2011-08-01
TULUA,2011,31,5,2011-08-01
CALI,2011,31,29,2011-08-01
PALMIRA,2011,31,7,2011-08-01
BUGA,2011,31,2,2011-08-01
CALI,2011,32,29,2011-08-08
CARTAGO,2011,32,1,2011-08-08
TULUA,2011,32,1,2011-08-08
BUGA,2011,32,4,2011-08-08
PALMIRA,2011,32,3,2011-08-08
CARTAGO,2011,33,1,2011-08-15
CALI,2011,33,32,2011-08-15
BUGA,2011,33,6,2011-08-15
TULUA,2011,33,3,2011-08-15
PALMIRA,2011,33,2,2011-08-15
CALI,2011,34,33,2011-08-22
PALMIRA,2011,34,3,2011-08-22
TULUA,2011,34,2,2011-08-22
TULUA,2011,35,3,2011-08-29
CARTAGO,2011,35,2,2011-08-29
CALI,2011,35,30,2011-08-29
BUGA,2011,35,1,2011-08-29
PALMIRA,2011,35,9,2011-08-29
CALI,2011,36,16,2011-09-05
BUGA,2011,36,3,2011-09-05
TULUA,2011,36,3,2011-09-05
CARTAGO,2011,36,1,2011-09-05
PALMIRA,2011,36,5,2011-09-05
PALMIRA,2011,37,4,2011-09-12
CALI,2011,37,23,2011-09-12
BUGA,2011,37,2,2011-09-12
CARTAGO,2011,37,1,2011-09-12
TULUA,2011,37,7,2011-09-12
BUGA,2011,38,1,2011-09-19
CARTAGO,2011,38,1,2011-09-19
CALI,2011,38,23,2011-09-19
PALMIRA,2011,38,6,2011-09-19
TULUA,2011,38,8,2011-09-19
CALI,2011,39,15,2011-09-26
PALMIRA,2011,39,3,2011-09-26
CARTAGO,2011,39,1,2011-09-26
CALI,2011,40,24,2011-10-03
PALMIRA,2011,40,5,2011-10-03
CARTAGO,2011,40,2,2011-10-03
BUGA,2011,40,1,2011-10-03
TULUA,2011,41,2,2011-10-10
CALI,2011,41,19,2011-10-10
PALMIRA,2011,41,1,2011-10-10
CARTAGO,2011,41,1,2011-10-10
CALI,2011,42,17,2011-10-17
PALMIRA,2011,42,2,2011-10-17
CARTAGO,2011,42,1,2011-10-17
TULUA,2011,42,2,2011-10-17
CALI,2011,43,22,2011-10-24
CARTAGO,2011,43,4,2011-10-24
BUGA,2011,43,1,2011-10-24
PALMIRA,2011,43,3,2011-10-24
TULUA,2011,44,1,2011-10-31
CALI,2011,44,18,2011-10-31
CARTAGO,2011,44,8,2011-10-31
BUGA,2011,44,2,2011-10-31
PALMIRA,2011,44,1,2011-10-31
CARTAGO,2011,45,3,2011-11-07
TULUA,2011,45,2,2011-11-07
CALI,2011,45,13,2011-11-07
BUGA,2011,45,2,2011-11-07
PALMIRA,2011,45,4,2011-11-07
CALI,2011,46,24,2011-11-14
TULUA,2011,46,1,2011-11-14
PALMIRA,2011,46,5,2011-11-14
BUGA,2011,46,4,2011-11-14
CARTAGO,2011,46,5,2011-11-14
TULUA,2011,47,1,2011-11-21
PALMIRA,2011,47,4,2011-11-21
CALI,2011,47,15,2011-11-21
CARTAGO,2011,47,2,2011-11-21
BUGA,2011,47,4,2011-11-21
CALI,2011,48,22,2011-11-28
BUGA,2011,48,5,2011-11-28
CARTAGO,2011,48,3,2011-11-28
PALMIRA,2011,48,4,2011-11-28
BUGA,2011,49,1,2011-12-05
CARTAGO,2011,49,3,2011-12-05
TULUA,2011,49,1,2011-12-05
PALMIRA,2011,49,2,2011-12-05
CALI,2011,49,19,2011-12-05
CALI,2011,50,18,2011-12-12
CARTAGO,2011,50,5,2011-12-12
PALMIRA,2011,50,5,2011-12-12
TULUA,2011,50,1,2011-12-12
BUGA,2011,50,1,2011-12-12
PALMIRA,2011,51,5,2011-12-19
CARTAGO,2011,51,3,2011-12-19
BUGA,2011,51,1,2011-12-19
TULUA,2011,51,1,2011-12-19
CALI,2011,51,21,2011-12-19
TULUA,2011,52,1,2011-12-26
PALMIRA,2011,52,6,2011-12-26
CARTAGO,2011,52,8,2011-12-26
BUGA,2011,52,3,2011-12-26
CALI,2011,52,34,2011-12-26
PALMIRA,2012,1,5,2012-01-02
BUGA,2012,1,9,2012-01-02
CALI,2012,1,37,2012-01-02
TULUA,2012,1,5,2012-01-02
TULUA,2012,2,3,2012-01-09
BUGA,2012,2,5,2012-01-09
CALI,2012,2,28,2012-01-09
PALMIRA,2012,2,2,2012-01-09
BUGA,2012,3,4,2012-01-16
PALMIRA,2012,3,2,2012-01-16
TULUA,2012,3,9,2012-01-16
CALI,2012,3,26,2012-01-16
PALMIRA,2012,4,3,2012-01-23
TULUA,2012,4,6,2012-01-23
BUGA,2012,4,4,2012-01-23
CALI,2012,4,33,2012-01-23
PALMIRA,2012,5,1,2012-01-30
TULUA,2012,5,5,2012-01-30
CARTAGO,2012,5,1,2012-01-30
CALI,2012,5,24,2012-01-30
TULUA,2012,6,2,2012-02-06
BUGA,2012,6,3,2012-02-06
PALMIRA,2012,6,3,2012-02-06
CALI,2012,6,43,2012-02-06
CALI,2012,7,37,2012-02-13
CARTAGO,2012,7,1,2012-02-13
PALMIRA,2012,7,7,2012-02-13
BUGA,2012,7,5,2012-02-13
TULUA,2012,7,4,2012-02-13
PALMIRA,2012,8,4,2012-02-20
TULUA,2012,8,4,2012-02-20
BUGA,2012,8,2,2012-02-20
CALI,2012,8,43,2012-02-20
PALMIRA,2012,9,2,2012-02-27
TULUA,2012,9,1,2012-02-27
BUGA,2012,9,1,2012-02-27
CALI,2012,9,48,2012-02-27
CALI,2012,10,57,2012-03-05
PALMIRA,2012,10,6,2012-03-05
BUGA,2012,10,7,2012-03-05
CARTAGO,2012,10,2,2012-03-05
TULUA,2012,10,3,2012-03-05
TULUA,2012,11,3,2012-03-12
CALI,2012,11,51,2012-03-12
BUGA,2012,11,4,2012-03-12
PALMIRA,2012,11,2,2012-03-12
CARTAGO,2012,12,1,2012-03-19
BUGA,2012,12,3,2012-03-19
CALI,2012,12,49,2012-03-19
PALMIRA,2012,12,10,2012-03-19
PALMIRA,2012,13,6,2012-03-26
BUGA,2012,13,8,2012-03-26
CARTAGO,2012,13,1,2012-03-26
CALI,2012,13,40,2012-03-26
BUGA,2012,14,4,2012-04-02
CARTAGO,2012,14,3,2012-04-02
TULUA,2012,14,2,2012-04-02
PALMIRA,2012,14,5,2012-04-02
CALI,2012,14,42,2012-04-02
TULUA,2012,15,1,2012-04-09
PALMIRA,2012,15,4,2012-04-09
CALI,2012,15,27,2012-04-09
BUGA,2012,15,2,2012-04-09
TULUA,2012,16,5,2012-04-16
PALMIRA,2012,16,1,2012-04-16
BUGA,2012,16,5,2012-04-16
CARTAGO,2012,16,2,2012-04-16
CALI,2012,16,37,2012-04-16
CARTAGO,2012,17,1,2012-04-23
PALMIRA,2012,17,3,2012-04-23
CALI,2012,17,30,2012-04-23
BUGA,2012,17,3,2012-04-23
TULUA,2012,17,3,2012-04-23
TULUA,2012,18,2,2012-04-30
CALI,2012,18,27,2012-04-30
BUGA,2012,18,3,2012-04-30
PALMIRA,2012,18,1,2012-04-30
TULUA,2012,19,2,2012-05-07
CALI,2012,19,31,2012-05-07
BUGA,2012,19,3,2012-05-07
CARTAGO,2012,19,3,2012-05-07
PALMIRA,2012,19,6,2012-05-07
PALMIRA,2012,20,3,2012-05-14
CARTAGO,2012,20,1,2012-05-14
BUGA,2012,20,2,2012-05-14
TULUA,2012,20,3,2012-05-14
CALI,2012,20,31,2012-05-14
BUGA,2012,21,2,2012-05-21
PALMIRA,2012,21,2,2012-05-21
TULUA,2012,21,4,2012-05-21
CALI,2012,21,34,2012-05-21
CALI,2012,22,23,2012-05-28
TULUA,2012,22,4,2012-05-28
BUGA,2012,22,3,2012-05-28
PALMIRA,2012,23,1,2012-06-04
CALI,2012,23,26,2012-06-04
BUGA,2012,23,2,2012-06-04
TULUA,2012,23,2,2012-06-04
CALI,2012,24,34,2012-06-11
BUGA,2012,24,5,2012-06-11
CARTAGO,2012,24,2,2012-06-11
TULUA,2012,24,1,2012-06-11
PALMIRA,2012,24,1,2012-06-11
CALI,2012,25,36,2012-06-18
PALMIRA,2012,25,4,2012-06-18
TULUA,2012,25,2,2012-06-18
BUGA,2012,26,1,2012-06-25
PALMIRA,2012,26,1,2012-06-25
CARTAGO,2012,26,1,2012-06-25
CALI,2012,26,27,2012-06-25
TULUA,2012,26,1,2012-06-25
BUGA,2012,27,2,2012-07-02
CALI,2012,27,30,2012-07-02
PALMIRA,2012,27,1,2012-07-02
TULUA,2012,27,2,2012-07-02
CARTAGO,2012,27,1,2012-07-02
BUGA,2012,28,1,2012-07-09
TULUA,2012,28,1,2012-07-09
CARTAGO,2012,28,2,2012-07-09
CALI,2012,28,31,2012-07-09
CALI,2012,29,27,2012-07-16
TULUA,2012,29,2,2012-07-16
CARTAGO,2012,29,1,2012-07-16
PALMIRA,2012,29,3,2012-07-16
TULUA,2012,30,1,2012-07-23
PALMIRA,2012,30,2,2012-07-23
CALI,2012,30,35,2012-07-23
BUGA,2012,30,2,2012-07-23
TULUA,2012,31,2,2012-07-30
CARTAGO,2012,31,2,2012-07-30
BUGA,2012,31,2,2012-07-30
CALI,2012,31,40,2012-07-30
PALMIRA,2012,31,3,2012-07-30
CALI,2012,32,23,2012-08-06
CARTAGO,2012,33,1,2012-08-13
CALI,2012,33,23,2012-08-13
TULUA,2012,33,2,2012-08-13
BUGA,2012,34,2,2012-08-20
CALI,2012,34,29,2012-08-20
TULUA,2012,34,2,2012-08-20
CARTAGO,2012,34,1,2012-08-20
PALMIRA,2012,34,1,2012-08-20
CARTAGO,2012,35,2,2012-08-27
PALMIRA,2012,35,4,2012-08-27
CALI,2012,35,32,2012-08-27
TULUA,2012,36,1,2012-09-03
PALMIRA,2012,36,2,2012-09-03
BUGA,2012,36,1,2012-09-03
CALI,2012,36,39,2012-09-03
CALI,2012,37,31,2012-09-10
BUGA,2012,37,2,2012-09-10
PALMIRA,2012,37,4,2012-09-10
PALMIRA,2012,38,5,2012-09-17
CALI,2012,38,47,2012-09-17
CARTAGO,2012,38,3,2012-09-17
BUGA,2012,38,3,2012-09-17
TULUA,2012,38,3,2012-09-17
TULUA,2012,39,2,2012-09-24
CARTAGO,2012,39,2,2012-09-24
CALI,2012,39,28,2012-09-24
PALMIRA,2012,39,3,2012-09-24
PALMIRA,2012,40,8,2012-10-01
TULUA,2012,40,2,2012-10-01
BUGA,2012,40,1,2012-10-01
CALI,2012,40,35,2012-10-01
CARTAGO,2012,40,3,2012-10-01
PALMIRA,2012,41,3,2012-10-08
CARTAGO,2012,41,1,2012-10-08
BUGA,2012,41,2,2012-10-08
CALI,2012,41,38,2012-10-08
PALMIRA,2012,42,3,2012-10-15
CALI,2012,42,37,2012-10-15
TULUA,2012,42,2,2012-10-15
CARTAGO,2012,42,6,2012-10-15
BUGA,2012,42,1,2012-10-15
CALI,2012,43,36,2012-10-22
TULUA,2012,43,2,2012-10-22
CALI,2012,44,43,2012-10-29
PALMIRA,2012,44,5,2012-10-29
TULUA,2012,45,3,2012-11-05
CALI,2012,45,43,2012-11-05
PALMIRA,2012,46,1,2012-11-12
TULUA,2012,46,2,2012-11-12
CARTAGO,2012,46,1,2012-11-12
BUGA,2012,46,3,2012-11-12
CALI,2012,46,32,2012-11-12
TULUA,2012,47,2,2012-11-19
BUGA,2012,47,3,2012-11-19
CARTAGO,2012,47,1,2012-11-19
PALMIRA,2012,47,1,2012-11-19
CALI,2012,47,39,2012-11-19
TULUA,2012,48,2,2012-11-26
BUGA,2012,48,1,2012-11-26
CARTAGO,2012,48,1,2012-11-26
CALI,2012,48,58,2012-11-26
PALMIRA,2012,49,6,2012-12-03
CALI,2012,49,58,2012-12-03
TULUA,2012,50,1,2012-12-10
CALI,2012,50,68,2012-12-10
BUGA,2012,50,3,2012-12-10
CARTAGO,2012,50,1,2012-12-10
CALI,2012,51,66,2012-12-17
TULUA,2012,51,1,2012-12-17
PALMIRA,2012,51,1,2012-12-17
CARTAGO,2012,51,1,2012-12-17
BUGA,2012,51,2,2012-12-17
CALI,2012,52,78,2012-12-24
TULUA,2012,52,1,2012-12-24
CARTAGO,2012,52,1,2012-12-24
BUGA,2012,52,2,2012-12-24
TULUA,2013,1,5,2012-12-31
CARTAGO,2013,1,22,2012-12-31
PALMIRA,2013,1,10,2012-12-31
CALI,2013,1,210,2012-12-31
BUGA,2013,1,4,2012-12-31
TULUA,2013,2,2,2013-01-07
CALI,2013,2,213,2013-01-07
CARTAGO,2013,2,18,2013-01-07
PALMIRA,2013,2,5,2013-01-07
BUGA,2013,2,8,2013-01-07
PALMIRA,2013,3,12,2013-01-14
CALI,2013,3,234,2013-01-14
TULUA,2013,3,6,2013-01-14
CARTAGO,2013,3,18,2013-01-14
BUGA,2013,3,4,2013-01-14
BUGA,2013,4,5,2013-01-21
CALI,2013,4,253,2013-01-21
PALMIRA,2013,4,7,2013-01-21
TULUA,2013,4,3,2013-01-21
CARTAGO,2013,4,6,2013-01-21
CALI,2013,5,270,2013-01-28
CARTAGO,2013,5,12,2013-01-28
BUGA,2013,5,6,2013-01-28
TULUA,2013,5,5,2013-01-28
PALMIRA,2013,5,5,2013-01-28
CARTAGO,2013,6,15,2013-02-04
TULUA,2013,6,3,2013-02-04
CALI,2013,6,243,2013-02-04
PALMIRA,2013,6,7,2013-02-04
BUGA,2013,6,3,2013-02-04
CARTAGO,2013,7,9,2013-02-11
PALMIRA,2013,7,10,2013-02-11
TULUA,2013,7,7,2013-02-11
BUGA,2013,7,3,2013-02-11
CALI,2013,7,239,2013-02-11
CARTAGO,2013,8,11,2013-02-18
BUGA,2013,8,7,2013-02-18
PALMIRA,2013,8,10,2013-02-18
CALI,2013,8,286,2013-02-18
TULUA,2013,8,2,2013-02-18
CALI,2013,9,282,2013-02-25
TULUA,2013,9,4,2013-02-25
BUGA,2013,9,9,2013-02-25
PALMIRA,2013,9,22,2013-02-25
CARTAGO,2013,9,15,2013-02-25
CARTAGO,2013,10,22,2013-03-04
PALMIRA,2013,10,11,2013-03-04
TULUA,2013,10,2,2013-03-04
CALI,2013,10,279,2013-03-04
BUGA,2013,10,4,2013-03-04
CARTAGO,2013,11,13,2013-03-11
TULUA,2013,11,2,2013-03-11
CALI,2013,11,294,2013-03-11
PALMIRA,2013,11,15,2013-03-11
BUGA,2013,11,7,2013-03-11
CARTAGO,2013,12,13,2013-03-18
TULUA,2013,12,5,2013-03-18
CALI,2013,12,291,2013-03-18
PALMIRA,2013,12,12,2013-03-18
BUGA,2013,12,9,2013-03-18
TULUA,2013,13,7,2013-03-25
CALI,2013,13,253,2013-03-25
BUGA,2013,13,5,2013-03-25
PALMIRA,2013,13,14,2013-03-25
CARTAGO,2013,13,22,2013-03-25
TULUA,2013,14,8,2013-04-01
CALI,2013,14,386,2013-04-01
PALMIRA,2013,14,12,2013-04-01
CARTAGO,2013,14,19,2013-04-01
BUGA,2013,14,11,2013-04-01
BUGA,2013,15,13,2013-04-08
PALMIRA,2013,15,16,2013-04-08
CALI,2013,15,443,2013-04-08
CARTAGO,2013,15,25,2013-04-08
TULUA,2013,15,6,2013-04-08
CALI,2013,16,478,2013-04-15
PALMIRA,2013,16,26,2013-04-15
BUGA,2013,16,10,2013-04-15
TULUA,2013,16,8,2013-04-15
CARTAGO,2013,16,24,2013-04-15
CALI,2013,17,443,2013-04-22
PALMIRA,2013,17,17,2013-04-22
TULUA,2013,17,6,2013-04-22
CARTAGO,2013,17,22,2013-04-22
BUGA,2013,17,9,2013-04-22
CARTAGO,2013,18,19,2013-04-29
PALMIRA,2013,18,11,2013-04-29
BUGA,2013,18,11,2013-04-29
CALI,2013,18,455,2013-04-29
TULUA,2013,18,7,2013-04-29
BUGA,2013,19,5,2013-05-06
CARTAGO,2013,19,27,2013-05-06
TULUA,2013,19,5,2013-05-06
PALMIRA,2013,19,11,2013-05-06
CALI,2013,19,407,2013-05-06
BUGA,2013,20,15,2013-05-13
PALMIRA,2013,20,17,2013-05-13
CALI,2013,20,388,2013-05-13
CARTAGO,2013,20,24,2013-05-13
TULUA,2013,20,7,2013-05-13
TULUA,2013,21,9,2013-05-20
CARTAGO,2013,21,25,2013-05-20
BUGA,2013,21,15,2013-05-20
PALMIRA,2013,21,16,2013-05-20
CALI,2013,21,451,2013-05-20
TULUA,2013,22,7,2013-05-27
BUGA,2013,22,13,2013-05-27
CARTAGO,2013,22,37,2013-05-27
PALMIRA,2013,22,20,2013-05-27
CALI,2013,22,451,2013-05-27
PALMIRA,2013,23,26,2013-06-03
TULUA,2013,23,7,2013-06-03
CARTAGO,2013,23,23,2013-06-03
BUGA,2013,23,11,2013-06-03
CALI,2013,23,414,2013-06-03
CALI,2013,24,405,2013-06-10
BUGA,2013,24,10,2013-06-10
TULUA,2013,24,4,2013-06-10
PALMIRA,2013,24,14,2013-06-10
CARTAGO,2013,24,28,2013-06-10
CALI,2013,25,419,2013-06-17
BUGA,2013,25,7,2013-06-17
TULUA,2013,25,3,2013-06-17
PALMIRA,2013,25,18,2013-06-17
CARTAGO,2013,25,29,2013-06-17
TULUA,2013,26,8,2013-06-24
PALMIRA,2013,26,20,2013-06-24
CALI,2013,26,379,2013-06-24
BUGA,2013,26,8,2013-06-24
CARTAGO,2013,26,22,2013-06-24
CARTAGO,2013,27,27,2013-07-01
PALMIRA,2013,27,15,2013-07-01
BUGA,2013,27,16,2013-07-01
CALI,2013,27,436,2013-07-01
TULUA,2013,27,8,2013-07-01
PALMIRA,2013,28,8,2013-07-08
BUGA,2013,28,6,2013-07-08
CALI,2013,28,430,2013-07-08
TULUA,2013,28,12,2013-07-08
CARTAGO,2013,28,38,2013-07-08
BUGA,2013,29,17,2013-07-15
PALMIRA,2013,29,10,2013-07-15
CARTAGO,2013,29,29,2013-07-15
CALI,2013,29,425,2013-07-15
TULUA,2013,29,10,2013-07-15
BUGA,2013,30,12,2013-07-22
CALI,2013,30,379,2013-07-22
PALMIRA,2013,30,14,2013-07-22
CARTAGO,2013,30,26,2013-07-22
TULUA,2013,30,7,2013-07-22
CARTAGO,2013,31,15,2013-07-29
BUGA,2013,31,3,2013-07-29
CALI,2013,31,315,2013-07-29
TULUA,2013,31,1,2013-07-29
PALMIRA,2013,31,15,2013-07-29
BUGA,2013,32,16,2013-08-05
CARTAGO,2013,32,12,2013-08-05
CALI,2013,32,337,2013-08-05
PALMIRA,2013,32,20,2013-08-05
TULUA,2013,32,9,2013-08-05
CALI,2013,33,316,2013-08-12
PALMIRA,2013,33,12,2013-08-12
CARTAGO,2013,33,15,2013-08-12
TULUA,2013,33,2,2013-08-12
BUGA,2013,33,8,2013-08-12
CARTAGO,2013,34,12,2013-08-19
CALI,2013,34,306,2013-08-19
PALMIRA,2013,34,9,2013-08-19
TULUA,2013,34,2,2013-08-19
BUGA,2013,34,5,2013-08-19
CARTAGO,2013,35,11,2013-08-26
PALMIRA,2013,35,12,2013-08-26
TULUA,2013,35,4,2013-08-26
CALI,2013,35,293,2013-08-26
BUGA,2013,35,3,2013-08-26
BUGA,2013,36,9,2013-09-02
TULUA,2013,36,4,2013-09-02
CALI,2013,36,259,2013-09-02
PALMIRA,2013,36,11,2013-09-02
CARTAGO,2013,36,9,2013-09-02
CALI,2013,37,280,2013-09-09
PALMIRA,2013,37,13,2013-09-09
CARTAGO,2013,37,16,2013-09-09
BUGA,2013,37,5,2013-09-09
TULUA,2013,37,7,2013-09-09
BUGA,2013,38,6,2013-09-16
CARTAGO,2013,38,13,2013-09-16
CALI,2013,38,288,2013-09-16
TULUA,2013,38,6,2013-09-16
PALMIRA,2013,38,11,2013-09-16
CARTAGO,2013,39,14,2013-09-23
BUGA,2013,39,9,2013-09-23
TULUA,2013,39,12,2013-09-23
PALMIRA,2013,39,14,2013-09-23
CALI,2013,39,289,2013-09-23
CARTAGO,2013,40,12,2013-09-30
CALI,2013,40,308,2013-09-30
BUGA,2013,40,9,2013-09-30
PALMIRA,2013,40,12,2013-09-30
BUGA,2013,41,7,2013-10-07
CARTAGO,2013,41,18,2013-10-07
PALMIRA,2013,41,17,2013-10-07
CALI,2013,41,283,2013-10-07
TULUA,2013,41,5,2013-10-07
PALMIRA,2013,42,9,2013-10-14
BUGA,2013,42,3,2013-10-14
CARTAGO,2013,42,19,2013-10-14
TULUA,2013,42,4,2013-10-14
CALI,2013,42,323,2013-10-14
CARTAGO,2013,43,15,2013-10-21
TULUA,2013,43,9,2013-10-21
CALI,2013,43,331,2013-10-21
BUGA,2013,43,8,2013-10-21
PALMIRA,2013,43,8,2013-10-21
PALMIRA,2013,44,8,2013-10-28
CALI,2013,44,298,2013-10-28
BUGA,2013,44,6,2013-10-28
CARTAGO,2013,44,14,2013-10-28
TULUA,2013,44,7,2013-10-28
BUGA,2013,45,13,2013-11-04
CALI,2013,45,276,2013-11-04
CARTAGO,2013,45,12,2013-11-04
PALMIRA,2013,45,10,2013-11-04
TULUA,2013,45,4,2013-11-04
CALI,2013,46,295,2013-11-11
CARTAGO,2013,46,18,2013-11-11
BUGA,2013,46,5,2013-11-11
PALMIRA,2013,46,11,2013-11-11
TULUA,2013,46,2,2013-11-11
BUGA,2013,47,7,2013-11-18
TULUA,2013,47,7,2013-11-18
CALI,2013,47,319,2013-11-18
PALMIRA,2013,47,16,2013-11-18
CARTAGO,2013,47,10,2013-11-18
PALMIRA,2013,48,15,2013-11-25
CALI,2013,48,295,2013-11-25
CARTAGO,2013,48,17,2013-11-25
TULUA,2013,48,7,2013-11-25
BUGA,2013,48,9,2013-11-25
CALI,2013,49,271,2013-12-02
CARTAGO,2013,49,13,2013-12-02
BUGA,2013,49,6,2013-12-02
PALMIRA,2013,49,6,2013-12-02
TULUA,2013,49,11,2013-12-02
TULUA,2013,50,7,2013-12-09
CARTAGO,2013,50,17,2013-12-09
BUGA,2013,50,9,2013-12-09
CALI,2013,50,309,2013-12-09
PALMIRA,2013,50,12,2013-12-09
BUGA,2013,51,7,2013-12-16
TULUA,2013,51,5,2013-12-16
PALMIRA,2013,51,12,2013-12-16
CALI,2013,51,251,2013-12-16
CARTAGO,2013,51,15,2013-12-16
BUGA,2013,52,5,2013-12-23
TULUA,2013,52,6,2013-12-23
PALMIRA,2013,52,19,2013-12-23
CALI,2013,52,235,2013-12-23
CARTAGO,2013,52,18,2013-12-23
TULUA,2014,1,8,2013-12-30
PALMIRA,2014,1,17,2013-12-30
CALI,2014,1,161,2013-12-30
CARTAGO,2014,1,4,2013-12-30
BUGA,2014,1,21,2013-12-30
BUGA,2014,2,18,2014-01-06
CARTAGO,2014,2,13,2014-01-06
CALI,2014,2,173,2014-01-06
PALMIRA,2014,2,9,2014-01-06
TULUA,2014,2,7,2014-01-06
TULUA,2014,3,4,2014-01-13
CALI,2014,3,140,2014-01-13
PALMIRA,2014,3,8,2014-01-13
CARTAGO,2014,3,6,2014-01-13
BUGA,2014,3,18,2014-01-13
BUGA,2014,4,14,2014-01-20
CARTAGO,2014,4,8,2014-01-20
TULUA,2014,4,3,2014-01-20
CALI,2014,4,132,2014-01-20
PALMIRA,2014,4,14,2014-01-20
CALI,2014,5,120,2014-01-27
PALMIRA,2014,5,8,2014-01-27
BUGA,2014,5,13,2014-01-27
CARTAGO,2014,5,5,2014-01-27
TULUA,2014,5,7,2014-01-27
CARTAGO,2014,6,12,2014-02-03
TULUA,2014,6,6,2014-02-03
CALI,2014,6,117,2014-02-03
PALMIRA,2014,6,15,2014-02-03
BUGA,2014,6,9,2014-02-03
CARTAGO,2014,7,8,2014-02-10
CALI,2014,7,104,2014-02-10
BUGA,2014,7,2,2014-02-10
TULUA,2014,7,3,2014-02-10
PALMIRA,2014,7,9,2014-02-10
PALMIRA,2014,8,11,2014-02-17
CALI,2014,8,111,2014-02-17
BUGA,2014,8,9,2014-02-17
TULUA,2014,8,8,2014-02-17
CARTAGO,2014,8,9,2014-02-17
CARTAGO,2014,9,9,2014-02-24
CALI,2014,9,80,2014-02-24
PALMIRA,2014,9,5,2014-02-24
BUGA,2014,9,17,2014-02-24
TULUA,2014,9,2,2014-02-24
PALMIRA,2014,10,6,2014-03-03
CALI,2014,10,104,2014-03-03
CARTAGO,2014,10,10,2014-03-03
BUGA,2014,10,10,2014-03-03
TULUA,2014,10,2,2014-03-03
CALI,2014,11,103,2014-03-10
PALMIRA,2014,11,9,2014-03-10
BUGA,2014,11,17,2014-03-10
CARTAGO,2014,11,7,2014-03-10
TULUA,2014,11,2,2014-03-10
CARTAGO,2014,12,9,2014-03-17
TULUA,2014,12,9,2014-03-17
CALI,2014,12,105,2014-03-17
BUGA,2014,12,15,2014-03-17
PALMIRA,2014,12,9,2014-03-17
TULUA,2014,13,5,2014-03-24
CALI,2014,13,69,2014-03-24
CARTAGO,2014,13,14,2014-03-24
BUGA,2014,13,9,2014-03-24
PALMIRA,2014,13,10,2014-03-24
TULUA,2014,14,5,2014-03-31
CARTAGO,2014,14,16,2014-03-31
PALMIRA,2014,14,12,2014-03-31
CALI,2014,14,134,2014-03-31
BUGA,2014,14,13,2014-03-31
PALMIRA,2014,15,6,2014-04-07
CALI,2014,15,131,2014-04-07
CARTAGO,2014,15,6,2014-04-07
BUGA,2014,15,5,2014-04-07
TULUA,2014,15,5,2014-04-07
CALI,2014,16,92,2014-04-14
BUGA,2014,16,4,2014-04-14
PALMIRA,2014,16,11,2014-04-14
CARTAGO,2014,16,5,2014-04-14
TULUA,2014,16,3,2014-04-14
PALMIRA,2014,17,17,2014-04-21
TULUA,2014,17,2,2014-04-21
BUGA,2014,17,10,2014-04-21
CALI,2014,17,109,2014-04-21
CARTAGO,2014,17,8,2014-04-21
TULUA,2014,18,2,2014-04-28
BUGA,2014,18,9,2014-04-28
CALI,2014,18,114,2014-04-28
PALMIRA,2014,18,16,2014-04-28
CARTAGO,2014,18,8,2014-04-28
TULUA,2014,19,2,2014-05-05
CARTAGO,2014,19,5,2014-05-05
PALMIRA,2014,19,12,2014-05-05
CALI,2014,19,106,2014-05-05
BUGA,2014,19,10,2014-05-05
CARTAGO,2014,20,5,2014-05-12
CALI,2014,20,98,2014-05-12
TULUA,2014,20,4,2014-05-12
PALMIRA,2014,20,12,2014-05-12
BUGA,2014,20,9,2014-05-12
PALMIRA,2014,21,14,2014-05-19
CARTAGO,2014,21,7,2014-05-19
BUGA,2014,21,12,2014-05-19
CALI,2014,21,111,2014-05-19
TULUA,2014,21,4,2014-05-19
PALMIRA,2014,22,8,2014-05-26
CALI,2014,22,68,2014-05-26
BUGA,2014,22,16,2014-05-26
CARTAGO,2014,22,6,2014-05-26
TULUA,2014,22,1,2014-05-26
CALI,2014,23,110,2014-06-02
CARTAGO,2014,23,13,2014-06-02
TULUA,2014,23,6,2014-06-02
BUGA,2014,23,13,2014-06-02
PALMIRA,2014,23,8,2014-06-02
CALI,2014,24,118,2014-06-09
TULUA,2014,24,2,2014-06-09
BUGA,2014,24,7,2014-06-09
PALMIRA,2014,24,15,2014-06-09
CARTAGO,2014,24,8,2014-06-09
CALI,2014,25,106,2014-06-16
PALMIRA,2014,25,12,2014-06-16
BUGA,2014,25,12,2014-06-16
CARTAGO,2014,25,9,2014-06-16
TULUA,2014,25,6,2014-06-16
TULUA,2014,26,5,2014-06-23
BUGA,2014,26,7,2014-06-23
CALI,2014,26,174,2014-06-23
BUGA,2014,27,10,2014-06-30
CARTAGO,2014,27,7,2014-06-30
PALMIRA,2014,27,12,2014-06-30
CALI,2014,27,127,2014-06-30
TULUA,2014,27,4,2014-06-30
PALMIRA,2014,28,17,2014-07-07
BUGA,2014,28,5,2014-07-07
TULUA,2014,28,5,2014-07-07
CALI,2014,28,124,2014-07-07
CARTAGO,2014,28,7,2014-07-07
CARTAGO,2014,29,8,2014-07-14
PALMIRA,2014,29,19,2014-07-14
TULUA,2014,29,9,2014-07-14
CALI,2014,29,96,2014-07-14
BUGA,2014,29,7,2014-07-14
BUGA,2014,30,7,2014-07-21
CARTAGO,2014,30,7,2014-07-21
TULUA,2014,30,8,2014-07-21
PALMIRA,2014,30,15,2014-07-21
CALI,2014,30,130,2014-07-21
PALMIRA,2014,31,24,2014-07-28
CARTAGO,2014,31,4,2014-07-28
BUGA,2014,31,16,2014-07-28
CALI,2014,31,121,2014-07-28
TULUA,2014,31,12,2014-07-28
CARTAGO,2014,32,4,2014-08-04
PALMIRA,2014,32,21,2014-08-04
BUGA,2014,32,13,2014-08-04
CALI,2014,32,119,2014-08-04
TULUA,2014,32,2,2014-08-04
BUGA,2014,33,12,2014-08-11
CALI,2014,33,109,2014-08-11
TULUA,2014,33,11,2014-08-11
CARTAGO,2014,33,5,2014-08-11
PALMIRA,2014,33,19,2014-08-11
BUGA,2014,34,9,2014-08-18
CALI,2014,34,105,2014-08-18
PALMIRA,2014,34,23,2014-08-18
CARTAGO,2014,34,7,2014-08-18
TULUA,2014,34,10,2014-08-18
CARTAGO,2014,35,6,2014-08-25
TULUA,2014,35,11,2014-08-25
BUGA,2014,35,7,2014-08-25
PALMIRA,2014,35,15,2014-08-25
CALI,2014,35,82,2014-08-25
CARTAGO,2014,36,6,2014-09-01
PALMIRA,2014,36,24,2014-09-01
BUGA,2014,36,4,2014-09-01
TULUA,2014,36,9,2014-09-01
CALI,2014,36,98,2014-09-01
PALMIRA,2014,37,26,2014-09-08
TULUA,2014,37,5,2014-09-08
CALI,2014,37,114,2014-09-08
CARTAGO,2014,37,7,2014-09-08
BUGA,2014,37,4,2014-09-08
TULUA,2014,38,5,2014-09-15
PALMIRA,2014,38,16,2014-09-15
CARTAGO,2014,38,7,2014-09-15
CALI,2014,38,97,2014-09-15
BUGA,2014,38,4,2014-09-15
BUGA,2014,39,7,2014-09-22
CARTAGO,2014,39,5,2014-09-22
CALI,2014,39,108,2014-09-22
PALMIRA,2014,39,32,2014-09-22
BUGA,2014,40,7,2014-09-29
TULUA,2014,40,7,2014-09-29
PALMIRA,2014,40,21,2014-09-29
CARTAGO,2014,40,10,2014-09-29
CALI,2014,40,96,2014-09-29
TULUA,2014,41,3,2014-10-06
BUGA,2014,41,4,2014-10-06
CARTAGO,2014,41,8,2014-10-06
PALMIRA,2014,41,37,2014-10-06
CALI,2014,41,74,2014-10-06
CALI,2014,42,100,2014-10-13
TULUA,2014,42,3,2014-10-13
CARTAGO,2014,42,4,2014-10-13
PALMIRA,2014,42,20,2014-10-13
BUGA,2014,42,3,2014-10-13
CARTAGO,2014,43,6,2014-10-20
PALMIRA,2014,43,33,2014-10-20
CALI,2014,43,92,2014-10-20
BUGA,2014,43,2,2014-10-20
TULUA,2014,43,2,2014-10-20
CARTAGO,2014,44,11,2014-10-27
CALI,2014,44,82,2014-10-27
PALMIRA,2014,44,28,2014-10-27
BUGA,2014,44,5,2014-10-27
BUGA,2014,45,4,2014-11-03
CARTAGO,2014,45,6,2014-11-03
PALMIRA,2014,45,17,2014-11-03
CALI,2014,45,87,2014-11-03
TULUA,2014,45,2,2014-11-03
BUGA,2014,46,2,2014-11-10
CALI,2014,46,103,2014-11-10
CARTAGO,2014,46,7,2014-11-10
PALMIRA,2014,46,15,2014-11-10
TULUA,2014,46,4,2014-11-10
PALMIRA,2014,47,21,2014-11-17
CALI,2014,47,96,2014-11-17
CARTAGO,2014,47,13,2014-11-17
BUGA,2014,47,1,2014-11-17
TULUA,2014,47,3,2014-11-17
BUGA,2014,48,12,2014-11-24
TULUA,2014,48,1,2014-11-24
CARTAGO,2014,48,11,2014-11-24
PALMIRA,2014,48,20,2014-11-24
CALI,2014,48,94,2014-11-24
BUGA,2014,49,5,2014-12-01
CALI,2014,49,123,2014-12-01
PALMIRA,2014,49,18,2014-12-01
CARTAGO,2014,49,7,2014-12-01
TULUA,2014,49,2,2014-12-01
CALI,2014,50,126,2014-12-08
PALMIRA,2014,50,12,2014-12-08
CARTAGO,2014,50,7,2014-12-08
TULUA,2014,50,6,2014-12-08
BUGA,2014,50,4,2014-12-08
PALMIRA,2014,51,22,2014-12-15
CALI,2014,51,137,2014-12-15
BUGA,2014,51,2,2014-12-15
TULUA,2014,51,6,2014-12-15
CARTAGO,2014,51,14,2014-12-15
BUGA,2014,52,4,2014-12-22
CALI,2014,52,157,2014-12-22
CARTAGO,2014,52,18,2014-12-22
TULUA,2014,52,6,2014-12-22
PALMIRA,2014,52,18,2014-12-22
CARTAGO,2015,1,18,2014-12-29
BUGA,2015,1,7,2014-12-29
CALI,2015,1,205,2014-12-29
PALMIRA,2015,1,22,2014-12-29
TULUA,2015,1,8,2014-12-29
BUGA,2015,2,7,2015-01-05
CALI,2015,2,221,2015-01-05
CARTAGO,2015,2,17,2015-01-05
PALMIRA,2015,2,22,2015-01-05
TULUA,2015,2,6,2015-01-05
PALMIRA,2015,3,19,2015-01-12
CALI,2015,3,273,2015-01-12
BUGA,2015,3,11,2015-01-12
CARTAGO,2015,3,25,2015-01-12
TULUA,2015,3,15,2015-01-12
BUGA,2015,4,7,2015-01-19
TULUA,2015,4,25,2015-01-19
CARTAGO,2015,4,18,2015-01-19
PALMIRA,2015,4,15,2015-01-19
CALI,2015,4,297,2015-01-19
CARTAGO,2015,5,15,2015-01-26
BUGA,2015,5,12,2015-01-26
CALI,2015,5,366,2015-01-26
TULUA,2015,5,26,2015-01-26
PALMIRA,2015,5,20,2015-01-26
CALI,2015,6,342,2015-02-02
BUGA,2015,6,10,2015-02-02
CARTAGO,2015,6,14,2015-02-02
TULUA,2015,6,18,2015-02-02
PALMIRA,2015,6,26,2015-02-02
CARTAGO,2015,7,13,2015-02-09
TULUA,2015,7,22,2015-02-09
PALMIRA,2015,7,26,2015-02-09
BUGA,2015,7,10,2015-02-09
CALI,2015,7,387,2015-02-09
PALMIRA,2015,8,14,2015-02-16
CALI,2015,8,297,2015-02-16
TULUA,2015,8,13,2015-02-16
BUGA,2015,8,10,2015-02-16
CARTAGO,2015,8,13,2015-02-16
CARTAGO,2015,9,10,2015-02-23
BUGA,2015,9,11,2015-02-23
PALMIRA,2015,9,19,2015-02-23
CALI,2015,9,388,2015-02-23
TULUA,2015,9,19,2015-02-23
PALMIRA,2015,10,24,2015-03-02
TULUA,2015,10,11,2015-03-02
CARTAGO,2015,10,16,2015-03-02
CALI,2015,10,366,2015-03-02
BUGA,2015,10,11,2015-03-02
BUGA,2015,11,8,2015-03-09
CARTAGO,2015,11,8,2015-03-09
CALI,2015,11,357,2015-03-09
TULUA,2015,11,16,2015-03-09
PALMIRA,2015,11,24,2015-03-09
BUGA,2015,12,7,2015-03-16
TULUA,2015,12,6,2015-03-16
CALI,2015,12,336,2015-03-16
PALMIRA,2015,12,19,2015-03-16
CARTAGO,2015,12,8,2015-03-16
CARTAGO,2015,13,12,2015-03-23
CALI,2015,13,400,2015-03-23
TULUA,2015,13,5,2015-03-23
BUGA,2015,13,2,2015-03-23
PALMIRA,2015,13,35,2015-03-23
TULUA,2015,14,12,2015-03-30
PALMIRA,2015,14,17,2015-03-30
CALI,2015,14,575,2015-03-30
CARTAGO,2015,14,12,2015-03-30
BUGA,2015,14,4,2015-03-30
PALMIRA,2015,15,13,2015-04-06
TULUA,2015,15,3,2015-04-06
CARTAGO,2015,15,14,2015-04-06
BUGA,2015,15,3,2015-04-06
CALI,2015,15,406,2015-04-06
PALMIRA,2015,16,20,2015-04-13
BUGA,2015,16,4,2015-04-13
CARTAGO,2015,16,24,2015-04-13
CALI,2015,16,354,2015-04-13
CARTAGO,2015,17,16,2015-04-20
CALI,2015,17,540,2015-04-20
PALMIRA,2015,17,10,2015-04-20
TULUA,2015,17,9,2015-04-20
BUGA,2015,18,1,2015-04-27
CARTAGO,2015,18,10,2015-04-27
PALMIRA,2015,18,13,2015-04-27
CALI,2015,18,507,2015-04-27
TULUA,2015,18,10,2015-04-27
PALMIRA,2015,19,9,2015-05-04
BUGA,2015,19,1,2015-05-04
CALI,2015,19,433,2015-05-04
CARTAGO,2015,19,9,2015-05-04
TULUA,2015,19,11,2015-05-04
PALMIRA,2015,20,9,2015-05-11
TULUA,2015,20,6,2015-05-11
BUGA,2015,20,3,2015-05-11
CARTAGO,2015,20,13,2015-05-11
CALI,2015,20,382,2015-05-11
CARTAGO,2015,21,8,2015-05-18
TULUA,2015,21,15,2015-05-18
CALI,2015,21,365,2015-05-18
PALMIRA,2015,21,16,2015-05-18
BUGA,2015,21,4,2015-05-18
CALI,2015,22,383,2015-05-25
TULUA,2015,22,11,2015-05-25
PALMIRA,2015,22,16,2015-05-25
BUGA,2015,22,4,2015-05-25
CARTAGO,2015,22,2,2015-05-25
TULUA,2015,23,8,2015-06-01
BUGA,2015,23,3,2015-06-01
CARTAGO,2015,23,2,2015-06-01
PALMIRA,2015,23,8,2015-06-01
CALI,2015,23,300,2015-06-01
CARTAGO,2015,24,2,2015-06-08
PALMIRA,2015,24,6,2015-06-08
BUGA,2015,24,4,2015-06-08
CALI,2015,24,298,2015-06-08
TULUA,2015,24,9,2015-06-08
TULUA,2015,25,16,2015-06-15
PALMIRA,2015,25,6,2015-06-15
CALI,2015,25,298,2015-06-15
BUGA,2015,25,4,2015-06-15
CARTAGO,2015,25,3,2015-06-15
PALMIRA,2015,26,10,2015-06-22
TULUA,2015,26,15,2015-06-22
CALI,2015,26,288,2015-06-22
CARTAGO,2015,26,5,2015-06-22
PALMIRA,2015,27,8,2015-06-29
CARTAGO,2015,27,5,2015-06-29
CALI,2015,27,269,2015-06-29
TULUA,2015,27,15,2015-06-29
BUGA,2015,27,2,2015-06-29
TULUA,2015,28,17,2015-07-06
CALI,2015,28,264,2015-07-06
PALMIRA,2015,28,9,2015-07-06
CARTAGO,2015,28,8,2015-07-06
BUGA,2015,28,3,2015-07-06
TULUA,2015,29,22,2015-07-13
CALI,2015,29,242,2015-07-13
PALMIRA,2015,29,7,2015-07-13
CARTAGO,2015,29,1,2015-07-13
CALI,2015,30,215,2015-07-20
PALMIRA,2015,30,10,2015-07-20
TULUA,2015,30,28,2015-07-20
BUGA,2015,30,7,2015-07-20
CARTAGO,2015,30,3,2015-07-20
CALI,2015,31,216,2015-07-27
PALMIRA,2015,31,11,2015-07-27
BUGA,2015,31,3,2015-07-27
TULUA,2015,31,20,2015-07-27
CARTAGO,2015,31,4,2015-07-27
CALI,2015,32,165,2015-08-03
BUGA,2015,32,5,2015-08-03
PALMIRA,2015,32,9,2015-08-03
TULUA,2015,32,18,2015-08-03
CARTAGO,2015,32,2,2015-08-03
BUGA,2015,33,6,2015-08-10
PALMIRA,2015,33,11,2015-08-10
TULUA,2015,33,23,2015-08-10
CALI,2015,33,197,2015-08-10
CARTAGO,2015,33,3,2015-08-10
CARTAGO,2015,34,6,2015-08-17
PALMIRA,2015,34,6,2015-08-17
TULUA,2015,34,23,2015-08-17
CALI,2015,34,162,2015-08-17
BUGA,2015,34,4,2015-08-17
CARTAGO,2015,35,5,2015-08-24
PALMIRA,2015,35,9,2015-08-24
CALI,2015,35,141,2015-08-24
TULUA,2015,35,29,2015-08-24
BUGA,2015,35,4,2015-08-24
CARTAGO,2015,36,3,2015-08-31
CALI,2015,36,158,2015-08-31
TULUA,2015,36,21,2015-08-31
PALMIRA,2015,36,2,2015-08-31
BUGA,2015,36,8,2015-08-31
BUGA,2015,37,5,2015-09-07
PALMIRA,2015,37,9,2015-09-07
CALI,2015,37,195,2015-09-07
CARTAGO,2015,37,1,2015-09-07
TULUA,2015,37,17,2015-09-07
PALMIRA,2015,38,9,2015-09-14
TULUA,2015,38,19,2015-09-14
CARTAGO,2015,38,7,2015-09-14
BUGA,2015,38,2,2015-09-14
CALI,2015,38,155,2015-09-14
PALMIRA,2015,39,11,2015-09-21
BUGA,2015,39,6,2015-09-21
TULUA,2015,39,13,2015-09-21
CARTAGO,2015,39,3,2015-09-21
CALI,2015,39,151,2015-09-21
BUGA,2015,40,3,2015-09-28
CARTAGO,2015,40,4,2015-09-28
TULUA,2015,40,12,2015-09-28
CALI,2015,40,140,2015-09-28
PALMIRA,2015,40,10,2015-09-28
TULUA,2015,41,18,2015-10-05
BUGA,2015,41,5,2015-10-05
CALI,2015,41,135,2015-10-05
PALMIRA,2015,41,16,2015-10-05
PALMIRA,2015,42,10,2015-10-12
CALI,2015,42,154,2015-10-12
CARTAGO,2015,42,2,2015-10-12
BUGA,2015,42,1,2015-10-12
TULUA,2015,42,17,2015-10-12
PALMIRA,2015,43,5,2015-10-19
CALI,2015,43,130,2015-10-19
BUGA,2015,43,1,2015-10-19
TULUA,2015,43,13,2015-10-19
BUGA,2015,44,4,2015-10-26
TULUA,2015,44,16,2015-10-26
PALMIRA,2015,44,6,2015-10-26
CALI,2015,44,169,2015-10-26
CARTAGO,2015,44,2,2015-10-26
PALMIRA,2015,45,14,2015-11-02
CARTAGO,2015,45,4,2015-11-02
CALI,2015,45,169,2015-11-02
TULUA,2015,45,16,2015-11-02
BUGA,2015,45,6,2015-11-02
TULUA,2015,46,26,2015-11-09
CALI,2015,46,154,2015-11-09
BUGA,2015,46,4,2015-11-09
PALMIRA,2015,46,15,2015-11-09
CARTAGO,2015,46,2,2015-11-09
CALI,2015,47,194,2015-11-16
BUGA,2015,47,6,2015-11-16
TULUA,2015,47,22,2015-11-16
CARTAGO,2015,47,2,2015-11-16
PALMIRA,2015,47,17,2015-11-16
CALI,2015,48,221,2015-11-23
BUGA,2015,48,6,2015-11-23
PALMIRA,2015,48,13,2015-11-23
TULUA,2015,48,18,2015-11-23
CARTAGO,2015,48,5,2015-11-23
BUGA,2015,49,9,2015-11-30
CALI,2015,49,249,2015-11-30
CARTAGO,2015,49,6,2015-11-30
PALMIRA,2015,49,21,2015-11-30
TULUA,2015,49,31,2015-11-30
TULUA,2015,50,35,2015-12-07
CARTAGO,2015,50,8,2015-12-07
BUGA,2015,50,6,2015-12-07
PALMIRA,2015,50,25,2015-12-07
CALI,2015,50,255,2015-12-07
TULUA,2015,51,21,2015-12-14
PALMIRA,2015,51,20,2015-12-14
CALI,2015,51,258,2015-12-14
BUGA,2015,51,9,2015-12-14
CARTAGO,2015,51,5,2015-12-14
TULUA,2015,52,34,2015-12-21
PALMIRA,2015,52,17,2015-12-21
CALI,2015,52,316,2015-12-21
BUGA,2015,52,6,2015-12-21
CARTAGO,2015,52,4,2015-12-21
BUGA,2016,1,15,2016-01-04
CALI,2016,1,401,2016-01-04
PALMIRA,2016,1,29,2016-01-04
CARTAGO,2016,1,3,2016-01-04
TULUA,2016,1,33,2016-01-04
CALI,2016,2,475,2016-01-11
TULUA,2016,2,39,2016-01-11
BUGA,2016,2,23,2016-01-11
PALMIRA,2016,2,64,2016-01-11
CARTAGO,2016,2,5,2016-01-11
TULUA,2016,3,58,2016-01-18
BUGA,2016,3,25,2016-01-18
PALMIRA,2016,3,53,2016-01-18
CARTAGO,2016,3,12,2016-01-18
CALI,2016,3,533,2016-01-18
CARTAGO,2016,4,10,2016-01-25
BUGA,2016,4,16,2016-01-25
TULUA,2016,4,49,2016-01-25
PALMIRA,2016,4,45,2016-01-25
CALI,2016,4,628,2016-01-25
CALI,2016,5,734,2016-02-01
TULUA,2016,5,56,2016-02-01
CARTAGO,2016,5,19,2016-02-01
PALMIRA,2016,5,80,2016-02-01
BUGA,2016,5,26,2016-02-01
CALI,2016,6,834,2016-02-08
TULUA,2016,6,37,2016-02-08
PALMIRA,2016,6,51,2016-02-08
CARTAGO,2016,6,19,2016-02-08
BUGA,2016,6,29,2016-02-08
TULUA,2016,7,44,2016-02-15
BUGA,2016,7,26,2016-02-15
PALMIRA,2016,7,57,2016-02-15
CALI,2016,7,817,2016-02-15
CARTAGO,2016,7,19,2016-02-15
BUGA,2016,8,25,2016-02-22
PALMIRA,2016,8,51,2016-02-22
CALI,2016,8,699,2016-02-22
TULUA,2016,8,35,2016-02-22
CARTAGO,2016,8,21,2016-02-22
PALMIRA,2016,9,65,2016-02-29
CALI,2016,9,760,2016-02-29
BUGA,2016,9,27,2016-02-29
CARTAGO,2016,9,17,2016-02-29
TULUA,2016,9,40,2016-02-29
BUGA,2016,10,32,2016-03-07
CALI,2016,10,632,2016-03-07
TULUA,2016,10,26,2016-03-07
PALMIRA,2016,10,61,2016-03-07
CARTAGO,2016,10,15,2016-03-07
CARTAGO,2016,11,20,2016-03-14
CALI,2016,11,414,2016-03-14
TULUA,2016,11,36,2016-03-14
PALMIRA,2016,11,44,2016-03-14
BUGA,2016,11,20,2016-03-14
TULUA,2016,12,13,2016-03-21
CARTAGO,2016,12,20,2016-03-21
BUGA,2016,12,18,2016-03-21
CALI,2016,12,431,2016-03-21
PALMIRA,2016,12,41,2016-03-21
CALI,2016,13,551,2016-03-28
BUGA,2016,13,26,2016-03-28
PALMIRA,2016,13,60,2016-03-28
CARTAGO,2016,13,20,2016-03-28
TULUA,2016,13,18,2016-03-28
PALMIRA,2016,14,38,2016-04-04
TULUA,2016,14,22,2016-04-04
CALI,2016,14,521,2016-04-04
CARTAGO,2016,14,21,2016-04-04
BUGA,2016,14,24,2016-04-04
TULUA,2016,15,14,2016-04-11
PALMIRA,2016,15,38,2016-04-11
BUGA,2016,15,9,2016-04-11
CALI,2016,15,546,2016-04-11
CARTAGO,2016,15,13,2016-04-11
CALI,2016,16,474,2016-04-18
TULUA,2016,16,13,2016-04-18
PALMIRA,2016,16,34,2016-04-18
BUGA,2016,16,7,2016-04-18
CARTAGO,2016,16,12,2016-04-18
BUGA,2016,17,13,2016-04-25
CALI,2016,17,489,2016-04-25
CARTAGO,2016,17,3,2016-04-25
PALMIRA,2016,17,19,2016-04-25
TULUA,2016,17,18,2016-04-25
BUGA,2016,18,9,2016-05-02
CALI,2016,18,594,2016-05-02
CARTAGO,2016,18,6,2016-05-02
TULUA,2016,18,11,2016-05-02
PALMIRA,2016,18,21,2016-05-02
CALI,2016,19,704,2016-05-09
CARTAGO,2016,19,8,2016-05-09
PALMIRA,2016,19,26,2016-05-09
TULUA,2016,19,21,2016-05-09
BUGA,2016,19,13,2016-05-09
TULUA,2016,20,17,2016-05-16
BUGA,2016,20,11,2016-05-16
CALI,2016,20,684,2016-05-16
CARTAGO,2016,20,11,2016-05-16
PALMIRA,2016,20,25,2016-05-16
BUGA,2016,21,5,2016-05-23
CARTAGO,2016,21,9,2016-05-23
TULUA,2016,21,12,2016-05-23
CALI,2016,21,583,2016-05-23
PALMIRA,2016,21,38,2016-05-23
TULUA,2016,22,16,2016-05-30
CARTAGO,2016,22,12,2016-05-30
PALMIRA,2016,22,33,2016-05-30
BUGA,2016,22,5,2016-05-30
CALI,2016,22,582,2016-05-30
PALMIRA,2016,23,20,2016-06-06
BUGA,2016,23,6,2016-06-06
CARTAGO,2016,23,6,2016-06-06
CALI,2016,23,629,2016-06-06
TULUA,2016,23,11,2016-06-06
PALMIRA,2016,24,30,2016-06-13
CALI,2016,24,542,2016-06-13
CARTAGO,2016,24,6,2016-06-13
TULUA,2016,24,12,2016-06-13
BUGA,2016,24,7,2016-06-13
PALMIRA,2016,25,26,2016-06-20
BUGA,2016,25,1,2016-06-20
CALI,2016,25,478,2016-06-20
CARTAGO,2016,25,5,2016-06-20
TULUA,2016,25,8,2016-06-20
BUGA,2016,26,5,2016-06-27
TULUA,2016,26,9,2016-06-27
PALMIRA,2016,26,33,2016-06-27
CALI,2016,26,398,2016-06-27
CARTAGO,2016,26,3,2016-06-27
BUGA,2016,27,8,2016-07-04
CALI,2016,27,352,2016-07-04
CARTAGO,2016,27,2,2016-07-04
PALMIRA,2016,27,20,2016-07-04
TULUA,2016,27,9,2016-07-04
TULUA,2016,28,7,2016-07-11
PALMIRA,2016,28,17,2016-07-11
CALI,2016,28,327,2016-07-11
BUGA,2016,28,2,2016-07-11
CARTAGO,2016,28,3,2016-07-11
PALMIRA,2016,29,20,2016-07-18
BUGA,2016,29,4,2016-07-18
CARTAGO,2016,29,1,2016-07-18
TULUA,2016,29,8,2016-07-18
CALI,2016,29,234,2016-07-18
PALMIRA,2016,30,16,2016-07-25
TULUA,2016,30,9,2016-07-25
CALI,2016,30,178,2016-07-25
CARTAGO,2016,30,2,2016-07-25
BUGA,2016,30,5,2016-07-25
PALMIRA,2016,31,22,2016-08-01
CALI,2016,31,210,2016-08-01
TULUA,2016,31,8,2016-08-01
CARTAGO,2016,31,2,2016-08-01
TULUA,2016,32,3,2016-08-08
BUGA,2016,32,3,2016-08-08
PALMIRA,2016,32,8,2016-08-08
CALI,2016,32,189,2016-08-08
CARTAGO,2016,32,1,2016-08-08
BUGA,2016,33,2,2016-08-15
TULUA,2016,33,5,2016-08-15
CARTAGO,2016,33,1,2016-08-15
PALMIRA,2016,33,9,2016-08-15
CALI,2016,33,183,2016-08-15
CARTAGO,2016,34,4,2016-08-22
TULUA,2016,34,4,2016-08-22
CALI,2016,34,180,2016-08-22
BUGA,2016,34,1,2016-08-22
PALMIRA,2016,34,4,2016-08-22
PALMIRA,2016,35,16,2016-08-29
CARTAGO,2016,35,3,2016-08-29
BUGA,2016,35,1,2016-08-29
TULUA,2016,35,4,2016-08-29
CALI,2016,35,137,2016-08-29
BUGA,2016,36,2,2016-09-05
TULUA,2016,36,7,2016-09-05
PALMIRA,2016,36,9,2016-09-05
CARTAGO,2016,36,2,2016-09-05
CALI,2016,36,144,2016-09-05
CALI,2016,37,124,2016-09-12
PALMIRA,2016,37,8,2016-09-12
TULUA,2016,37,4,2016-09-12
CARTAGO,2016,37,4,2016-09-12
BUGA,2016,37,4,2016-09-12
PALMIRA,2016,38,4,2016-09-19
CALI,2016,38,151,2016-09-19
BUGA,2016,38,3,2016-09-19
TULUA,2016,38,6,2016-09-19
CARTAGO,2016,39,1,2016-09-26
TULUA,2016,39,2,2016-09-26
PALMIRA,2016,39,3,2016-09-26
CALI,2016,39,113,2016-09-26
BUGA,2016,39,2,2016-09-26
PALMIRA,2016,40,6,2016-10-03
CALI,2016,40,122,2016-10-03
BUGA,2016,40,1,2016-10-03
CARTAGO,2016,40,2,2016-10-03
TULUA,2016,40,3,2016-10-03
TULUA,2016,41,5,2016-10-10
CARTAGO,2016,41,3,2016-10-10
PALMIRA,2016,41,6,2016-10-10
CALI,2016,41,97,2016-10-10
BUGA,2016,41,2,2016-10-10
BUGA,2016,42,3,2016-10-17
PALMIRA,2016,42,4,2016-10-17
TULUA,2016,42,1,2016-10-17
CALI,2016,42,160,2016-10-17
CARTAGO,2016,42,2,2016-10-17
PALMIRA,2016,43,3,2016-10-24
CARTAGO,2016,43,3,2016-10-24
BUGA,2016,43,1,2016-10-24
TULUA,2016,43,4,2016-10-24
CALI,2016,43,118,2016-10-24
CALI,2016,44,130,2016-10-31
TULUA,2016,44,4,2016-10-31
BUGA,2016,44,2,2016-10-31
PALMIRA,2016,44,4,2016-10-31
CALI,2016,45,113,2016-11-07
BUGA,2016,45,1,2016-11-07
PALMIRA,2016,45,8,2016-11-07
TULUA,2016,45,2,2016-11-07
CARTAGO,2016,45,3,2016-11-07
CARTAGO,2016,46,5,2016-11-14
TULUA,2016,46,6,2016-11-14
BUGA,2016,46,4,2016-11-14
PALMIRA,2016,46,8,2016-11-14
CALI,2016,46,124,2016-11-14
CARTAGO,2016,47,6,2016-11-21
TULUA,2016,47,7,2016-11-21
PALMIRA,2016,47,5,2016-11-21
CALI,2016,47,150,2016-11-21
TULUA,2016,48,4,2016-11-28
CALI,2016,48,104,2016-11-28
PALMIRA,2016,48,6,2016-11-28
CARTAGO,2016,48,3,2016-11-28
BUGA,2016,48,2,2016-11-28
PALMIRA,2016,49,2,2016-12-05
CALI,2016,49,129,2016-12-05
BUGA,2016,49,3,2016-12-05
TULUA,2016,49,4,2016-12-05
CARTAGO,2016,49,2,2016-12-05
BUGA,2016,50,3,2016-12-12
CALI,2016,50,162,2016-12-12
TULUA,2016,50,2,2016-12-12
PALMIRA,2016,50,6,2016-12-12
CARTAGO,2016,50,3,2016-12-12
BUGA,2016,51,2,2016-12-19
TULUA,2016,51,5,2016-12-19
CALI,2016,51,112,2016-12-19
CARTAGO,2016,51,2,2016-12-19
PALMIRA,2016,51,9,2016-12-19
BUGA,2016,52,4,2016-12-26
CARTAGO,2016,52,9,2016-12-26
PALMIRA,2016,52,9,2016-12-26
TULUA,2016,52,8,2016-12-26
CALI,2016,52,134,2016-12-26
CALI,2017,1,146,2017-01-02
PALMIRA,2017,1,14,2017-01-02
TULUA,2017,1,6,2017-01-02
BUGA,2017,1,2,2017-01-02
CARTAGO,2017,1,5,2017-01-02
BUGA,2017,2,6,2017-01-09
CALI,2017,2,146,2017-01-09
TULUA,2017,2,4,2017-01-09
CARTAGO,2017,2,8,2017-01-09
PALMIRA,2017,2,5,2017-01-09
PALMIRA,2017,3,6,2017-01-16
BUGA,2017,3,2,2017-01-16
TULUA,2017,3,6,2017-01-16
CARTAGO,2017,3,5,2017-01-16
CALI,2017,3,198,2017-01-16
CARTAGO,2017,4,6,2017-01-23
CALI,2017,4,178,2017-01-23
PALMIRA,2017,4,11,2017-01-23
BUGA,2017,4,2,2017-01-23
TULUA,2017,4,7,2017-01-23
CALI,2017,5,162,2017-01-30
CARTAGO,2017,5,4,2017-01-30
PALMIRA,2017,5,12,2017-01-30
BUGA,2017,5,1,2017-01-30
TULUA,2017,5,3,2017-01-30
CARTAGO,2017,6,7,2017-02-06
PALMIRA,2017,6,7,2017-02-06
BUGA,2017,6,2,2017-02-06
CALI,2017,6,127,2017-02-06
TULUA,2017,6,10,2017-02-06
PALMIRA,2017,7,4,2017-02-13
BUGA,2017,7,4,2017-02-13
CALI,2017,7,108,2017-02-13
CARTAGO,2017,7,2,2017-02-13
TULUA,2017,7,6,2017-02-13
PALMIRA,2017,8,3,2017-02-20
CARTAGO,2017,8,3,2017-02-20
CALI,2017,8,99,2017-02-20
TULUA,2017,8,5,2017-02-20
BUGA,2017,8,2,2017-02-20
CARTAGO,2017,9,8,2017-02-27
PALMIRA,2017,9,6,2017-02-27
BUGA,2017,9,1,2017-02-27
CALI,2017,9,93,2017-02-27
TULUA,2017,9,4,2017-02-27
PALMIRA,2017,10,3,2017-03-06
CARTAGO,2017,10,5,2017-03-06
CALI,2017,10,67,2017-03-06
TULUA,2017,10,9,2017-03-06
BUGA,2017,10,1,2017-03-06
CALI,2017,11,78,2017-03-13
PALMIRA,2017,11,2,2017-03-13
TULUA,2017,11,8,2017-03-13
BUGA,2017,11,4,2017-03-13
PALMIRA,2017,12,1,2017-03-20
TULUA,2017,12,4,2017-03-20
CARTAGO,2017,12,2,2017-03-20
BUGA,2017,12,1,2017-03-20
CALI,2017,12,70,2017-03-20
PALMIRA,2017,13,5,2017-03-27
CARTAGO,2017,13,1,2017-03-27
TULUA,2017,13,3,2017-03-27
CALI,2017,13,90,2017-03-27
PALMIRA,2017,14,3,2017-04-03
CARTAGO,2017,14,2,2017-04-03
TULUA,2017,14,7,2017-04-03
BUGA,2017,14,1,2017-04-03
CALI,2017,14,84,2017-04-03
CALI,2017,15,83,2017-04-10
PALMIRA,2017,15,5,2017-04-10
TULUA,2017,15,7,2017-04-10
BUGA,2017,15,2,2017-04-10
PALMIRA,2017,16,3,2017-04-17
CARTAGO,2017,16,2,2017-04-17
TULUA,2017,16,3,2017-04-17
CALI,2017,16,78,2017-04-17
BUGA,2017,16,1,2017-04-17
TULUA,2017,17,1,2017-04-24
CARTAGO,2017,17,1,2017-04-24
PALMIRA,2017,17,4,2017-04-24
CALI,2017,17,76,2017-04-24
BUGA,2017,18,2,2017-05-01
TULUA,2017,18,2,2017-05-01
CARTAGO,2017,18,3,2017-05-01
PALMIRA,2017,18,2,2017-05-01
CALI,2017,18,80,2017-05-01
TULUA,2017,19,1,2017-05-08
CARTAGO,2017,19,1,2017-05-08
PALMIRA,2017,19,4,2017-05-08
BUGA,2017,19,1,2017-05-08
CALI,2017,19,79,2017-05-08
PALMIRA,2017,20,4,2017-05-15
BUGA,2017,20,1,2017-05-15
TULUA,2017,20,2,2017-05-15
CALI,2017,20,96,2017-05-15
CARTAGO,2017,21,1,2017-05-22
CALI,2017,21,93,2017-05-22
PALMIRA,2017,21,2,2017-05-22
TULUA,2017,21,2,2017-05-22
CALI,2017,22,59,2017-05-29
PALMIRA,2017,22,2,2017-05-29
TULUA,2017,22,1,2017-05-29
CALI,2017,23,62,2017-06-05
PALMIRA,2017,23,2,2017-06-05
CARTAGO,2017,23,3,2017-06-05
TULUA,2017,23,1,2017-06-05
BUGA,2017,24,1,2017-06-12
TULUA,2017,24,3,2017-06-12
CALI,2017,24,62,2017-06-12
CARTAGO,2017,24,2,2017-06-12
TULUA,2017,25,2,2017-06-19
PALMIRA,2017,25,2,2017-06-19
BUGA,2017,25,4,2017-06-19
CALI,2017,25,45,2017-06-19
CALI,2017,26,55,2017-06-26
BUGA,2017,26,3,2017-06-26
TULUA,2017,26,1,2017-06-26
PALMIRA,2017,26,1,2017-06-26
CARTAGO,2017,27,1,2017-07-03
BUGA,2017,27,3,2017-07-03
CALI,2017,27,60,2017-07-03
CARTAGO,2017,28,1,2017-07-10
CALI,2017,28,50,2017-07-10
TULUA,2017,28,3,2017-07-10
CALI,2017,29,43,2017-07-17
TULUA,2017,29,2,2017-07-17
PALMIRA,2017,29,2,2017-07-17
CALI,2017,30,59,2017-07-24
BUGA,2017,30,1,2017-07-24
PALMIRA,2017,30,2,2017-07-24
TULUA,2017,30,4,2017-07-24
CARTAGO,2017,30,1,2017-07-24
CALI,2017,31,44,2017-07-31
TULUA,2017,31,1,2017-07-31
CARTAGO,2017,31,2,2017-07-31
PALMIRA,2017,31,1,2017-07-31
CALI,2017,32,38,2017-08-07
TULUA,2017,32,1,2017-08-07
BUGA,2017,32,1,2017-08-07
CARTAGO,2017,32,1,2017-08-07
PALMIRA,2017,32,1,2017-08-07
CARTAGO,2017,33,1,2017-08-14
CALI,2017,33,44,2017-08-14
BUGA,2017,33,1,2017-08-14
PALMIRA,2017,33,1,2017-08-14
TULUA,2017,33,2,2017-08-14
TULUA,2017,34,1,2017-08-21
PALMIRA,2017,34,2,2017-08-21
CALI,2017,34,44,2017-08-21
CALI,2017,35,46,2017-08-28
TULUA,2017,35,2,2017-08-28
BUGA,2017,35,2,2017-08-28
PALMIRA,2017,35,4,2017-08-28
CALI,2017,36,39,2017-09-04
PALMIRA,2017,36,2,2017-09-04
TULUA,2017,36,2,2017-09-04
BUGA,2017,36,1,2017-09-04
CARTAGO,2017,36,1,2017-09-04
PALMIRA,2017,37,2,2017-09-11
TULUA,2017,37,3,2017-09-11
CALI,2017,37,29,2017-09-11
BUGA,2017,37,1,2017-09-11
PALMIRA,2017,38,5,2017-09-18
CARTAGO,2017,38,1,2017-09-18
CALI,2017,38,44,2017-09-18
BUGA,2017,38,1,2017-09-18
TULUA,2017,38,2,2017-09-18
PALMIRA,2017,39,6,2017-09-25
BUGA,2017,39,2,2017-09-25
CARTAGO,2017,39,2,2017-09-25
CALI,2017,39,32,2017-09-25
TULUA,2017,39,2,2017-09-25
CARTAGO,2017,40,2,2017-10-02
BUGA,2017,40,1,2017-10-02
CALI,2017,40,48,2017-10-02
TULUA,2017,40,2,2017-10-02
CALI,2017,41,40,2017-10-09
BUGA,2017,41,1,2017-10-09
CARTAGO,2017,41,1,2017-10-09
PALMIRA,2017,41,1,2017-10-09
BUGA,2017,42,2,2017-10-16
CALI,2017,42,46,2017-10-16
PALMIRA,2017,42,4,2017-10-16
TULUA,2017,42,1,2017-10-16
CALI,2017,43,48,2017-10-23
BUGA,2017,43,1,2017-10-23
CARTAGO,2017,43,1,2017-10-23
PALMIRA,2017,43,3,2017-10-23
TULUA,2017,43,2,2017-10-23
PALMIRA,2017,44,3,2017-10-30
TULUA,2017,44,3,2017-10-30
CALI,2017,44,37,2017-10-30
BUGA,2017,44,1,2017-10-30
TULUA,2017,45,1,2017-11-06
PALMIRA,2017,45,7,2017-11-06
BUGA,2017,45,1,2017-11-06
CALI,2017,45,47,2017-11-06
CALI,2017,46,59,2017-11-13
PALMIRA,2017,46,4,2017-11-13
CARTAGO,2017,46,1,2017-11-13
TULUA,2017,46,2,2017-11-13
CALI,2017,47,49,2017-11-20
CARTAGO,2017,47,1,2017-11-20
TULUA,2017,47,3,2017-11-20
PALMIRA,2017,47,4,2017-11-20
BUGA,2017,48,3,2017-11-27
CARTAGO,2017,48,2,2017-11-27
TULUA,2017,48,4,2017-11-27
CALI,2017,48,66,2017-11-27
PALMIRA,2017,48,6,2017-11-27
CALI,2017,49,43,2017-12-04
PALMIRA,2017,49,3,2017-12-04
TULUA,2017,49,2,2017-12-04
CARTAGO,2017,50,1,2017-12-11
TULUA,2017,50,2,2017-12-11
BUGA,2017,50,1,2017-12-11
PALMIRA,2017,50,1,2017-12-11
CALI,2017,50,53,2017-12-11
PALMIRA,2017,51,5,2017-12-18
TULUA,2017,51,3,2017-12-18
CALI,2017,51,41,2017-12-18
PALMIRA,2017,52,2,2017-12-25
BUGA,2017,52,1,2017-12-25
CARTAGO,2017,52,2,2017-12-25
CALI,2017,52,37,2017-12-25
PALMIRA,2018,1,1,2018-01-01
TULUA,2018,1,1,2018-01-01
CALI,2018,1,52,2018-01-01
CARTAGO,2018,1,1,2018-01-01
CALI,2018,2,31,2018-01-08
BUGA,2018,2,3,2018-01-08
TULUA,2018,2,1,2018-01-08
PALMIRA,2018,2,5,2018-01-08
PALMIRA,2018,3,3,2018-01-15
TULUA,2018,3,1,2018-01-15
BUGA,2018,3,1,2018-01-15
CARTAGO,2018,3,1,2018-01-15
CALI,2018,3,31,2018-01-15
PALMIRA,2018,4,2,2018-01-22
TULUA,2018,4,1,2018-01-22
CALI,2018,4,24,2018-01-22
CARTAGO,2018,4,1,2018-01-22
PALMIRA,2018,5,1,2018-01-29
CALI,2018,5,22,2018-01-29
CARTAGO,2018,5,2,2018-01-29
PALMIRA,2018,6,1,2018-02-05
CALI,2018,6,31,2018-02-05
CARTAGO,2018,6,2,2018-02-05
CARTAGO,2018,7,3,2018-02-12
PALMIRA,2018,7,3,2018-02-12
TULUA,2018,7,1,2018-02-12
CALI,2018,7,35,2018-02-12
BUGA,2018,7,2,2018-02-12
CALI,2018,8,34,2018-02-19
CARTAGO,2018,9,1,2018-02-26
TULUA,2018,9,1,2018-02-26
BUGA,2018,9,1,2018-02-26
CALI,2018,9,25,2018-02-26
PALMIRA,2018,9,1,2018-02-26
CALI,2018,10,41,2018-03-05
CALI,2018,11,44,2018-03-12
TULUA,2018,11,1,2018-03-12
PALMIRA,2018,11,1,2018-03-12
CARTAGO,2018,12,1,2018-03-19
CALI,2018,12,23,2018-03-19
BUGA,2018,12,2,2018-03-19
PALMIRA,2018,13,1,2018-03-26
CARTAGO,2018,13,1,2018-03-26
CALI,2018,13,26,2018-03-26
CARTAGO,2018,14,1,2018-04-02
CALI,2018,14,27,2018-04-02
CARTAGO,2018,15,1,2018-04-09
CALI,2018,15,32,2018-04-09
PALMIRA,2018,15,1,2018-04-09
BUGA,2018,15,1,2018-04-09
CALI,2018,16,29,2018-04-16
CARTAGO,2018,16,5,2018-04-16
PALMIRA,2018,16,1,2018-04-16
CARTAGO,2018,17,1,2018-04-23
CALI,2018,17,44,2018-04-23
BUGA,2018,18,1,2018-04-30
CARTAGO,2018,18,1,2018-04-30
CALI,2018,18,37,2018-04-30
CARTAGO,2018,19,1,2018-05-07
PALMIRA,2018,19,6,2018-05-07
CALI,2018,19,43,2018-05-07
BUGA,2018,19,1,2018-05-07
CALI,2018,20,51,2018-05-14
PALMIRA,2018,20,1,2018-05-14
TULUA,2018,20,2,2018-05-14
CARTAGO,2018,20,4,2018-05-14
TULUA,2018,21,1,2018-05-21
BUGA,2018,21,1,2018-05-21
CALI,2018,21,48,2018-05-21
PALMIRA,2018,21,2,2018-05-21
CALI,2018,22,59,2018-05-28
CARTAGO,2018,22,1,2018-05-28
PALMIRA,2018,22,3,2018-05-28
BUGA,2018,22,2,2018-05-28
CALI,2018,23,54,2018-06-04
TULUA,2018,23,2,2018-06-04
BUGA,2018,23,3,2018-06-04
PALMIRA,2018,23,3,2018-06-04
CARTAGO,2018,23,2,2018-06-04
CALI,2018,24,61,2018-06-11
CARTAGO,2018,24,1,2018-06-11
PALMIRA,2018,24,2,2018-06-11
TULUA,2018,24,3,2018-06-11
TULUA,2018,25,2,2018-06-18
CALI,2018,25,57,2018-06-18
CARTAGO,2018,25,3,2018-06-18
PALMIRA,2018,25,2,2018-06-18
BUGA,2018,26,1,2018-06-25
CALI,2018,26,40,2018-06-25
CARTAGO,2018,26,2,2018-06-25
PALMIRA,2018,26,4,2018-06-25
PALMIRA,2018,27,8,2018-07-02
BUGA,2018,27,1,2018-07-02
CARTAGO,2018,27,5,2018-07-02
CALI,2018,27,51,2018-07-02
CALI,2018,28,33,2018-07-09
CARTAGO,2018,28,3,2018-07-09
TULUA,2018,28,3,2018-07-09
PALMIRA,2018,28,1,2018-07-09
PALMIRA,2018,29,2,2018-07-16
CARTAGO,2018,29,4,2018-07-16
CALI,2018,29,28,2018-07-16
TULUA,2018,29,1,2018-07-16
CARTAGO,2018,30,2,2018-07-23
CALI,2018,30,39,2018-07-23
